X,Y,(B-V)_0,(U-B)_0,M_V=m_v-5logd+5-A_V,m_U,m_B,m_V,m_R,Radius,U-B,B-V,V-R
724.13,13.68,0.86,0.31,6.83,16,15.69,14.83,14.39,19.1,0.31,0.86,0.44
1404.95,19.9,1.56,0.7,7.79,18.05,17.35,15.79,15.01,16.8,0.7,1.56,0.78
1727.87,21.62,0.93,0.22,7.56,16.71,16.49,15.56,15.16,16.2,0.22,0.93,0.4
371.62,24.1,1.06,0.75,7.63,17.44,16.69,15.63,15.11,20.6,0.75,1.06,0.52
1486.9,24.66,0.67,0.08,5.74,14.49,14.41,13.74,13.4,16.6,0.08,0.67,0.34
1848,26.07,0.73,0.14,5.57,14.44,14.3,13.57,13.23,16,0.14,0.73,0.34
1186.48,41.73,1.42,1.15,5.33,15.9,14.75,13.33,12.61,17.3,1.15,1.42,0.72
351.33,42.24,0.47,0.19,6.02,14.68,14.49,14.02,13.82,20.6,0.19,0.47,0.2
1625.04,73.2,0.75,0.17,7.3,16.22,16.05,15.3,14.9,16,0.17,0.75,0.4
1752.77,74.52,0.38,0.19,5.44,14.01,13.82,13.44,13.3,15.7,0.19,0.38,0.14
247.57,100.03,0.59,-0.06,6.77,15.3,15.36,14.77,14.51,20.7,-0.06,0.59,0.26
1596.43,105.11,0.71,0.12,6.83,15.66,15.54,14.83,14.49,15.8,0.12,0.71,0.34
1504.64,111.08,0.61,0.18,7.95,16.74,16.56,15.95,15.71,16,0.18,0.61,0.24
1045.88,118.29,0.69,0.2,5.79,14.68,14.48,13.79,13.44,17.3,0.2,0.69,0.35
1905.46,121.08,0.91,0.31,6.99,16.21,15.9,14.99,14.54,15.2,0.31,0.91,0.45
1815.86,126.34,0.56,0.15,6.03,14.74,14.59,14.03,13.74,15.3,0.15,0.56,0.29
1701.39,144.2,0.75,0.4,7.5,16.65,16.25,15.5,15.07,15.4,0.4,0.75,0.43
1176.73,159.36,0.7,0.09,6.45,15.24,15.15,14.45,14.13,16.6,0.09,0.7,0.32
1039.19,159.65,0.72,0.2,6.56,15.48,15.28,14.56,14.16,17,0.2,0.72,0.4
1623.56,160.01,0.49,0.14,7.4,16.03,15.89,15.4,15.2,15.4,0.14,0.49,0.2
1926.95,187.39,0.59,0.37,7.23,16.19,15.82,15.23,14.99,14.7,0.37,0.59,0.24
832.18,203.2,0.21,0.08,3.52,11.81,11.73,11.52,11.44,17.6,0.08,0.21,0.08
1824.16,273,0.68,0.14,5.37,14.19,14.05,13.37,13.03,14.3,0.14,0.68,0.34
46.22,273.65,0.57,0.37,7.33,16.27,15.9,15.33,15.12,20.9,0.37,0.57,0.21
311.81,278.67,0.88,0.49,7.9,17.27,16.78,15.9,15.39,19.5,0.49,0.88,0.51
81.88,286.98,1.3,0.89,5.82,16.01,15.12,13.82,13.16,20.6,0.89,1.3,0.66
653.57,289.87,0.86,0.29,7.81,16.96,16.67,15.81,15.23,17.8,0.29,0.86,0.58
832.45,290.38,0.56,0.33,6.24,15.13,14.8,14.24,13.94,17.1,0.33,0.56,0.3
1582.25,316.65,1.03,0.41,7.88,17.32,16.91,15.88,15.32,14.4,0.41,1.03,0.56
23.08,342.01,1.38,1.04,7.1,17.52,16.48,15.1,14.34,20.7,1.04,1.38,0.76
1653.11,347.81,0.81,0.3,6.77,15.88,15.58,14.77,14.34,14.1,0.3,0.81,0.43
1339.86,350.99,0.19,0.12,3.76,12.07,11.95,11.76,11.71,14.9,0.12,0.19,0.05
1074.55,367.53,0.69,0.11,6.35,15.15,15.04,14.35,14.01,15.7,0.11,0.69,0.34
1729.69,420.33,0.29,0.02,4.1,12.41,12.39,12.1,12,13.4,0.02,0.29,0.1
270.3,421.56,0.33,0.19,4.28,12.8,12.61,12.28,12.19,19,0.19,0.33,0.09
1337.98,436.54,0.72,0.11,7.45,16.28,16.17,15.45,15.06,14.3,0.11,0.72,0.39
1181.32,437.99,0.93,0.61,6.03,15.57,14.96,14.03,13.58,14.8,0.61,0.93,0.45
876.89,438.43,0.94,0.38,6.94,16.26,15.88,14.94,14.43,16,0.38,0.94,0.51
1299.44,446.48,0.82,0.37,7.14,16.33,15.96,15.14,14.71,14.4,0.37,0.82,0.43
807.04,448.08,0.84,0.31,7.79,16.94,16.63,15.79,15.31,16.3,0.31,0.84,0.48
1094.39,448.78,1.51,0.18,7.81,17.5,17.32,15.81,15.06,15.1,0.18,1.51,0.75
255.24,468.79,0.29,-0.33,5.32,13.28,13.61,13.32,13.21,18.9,-0.33,0.29,0.11
642.97,476.48,0.95,0.31,7.79,17.05,16.74,15.79,15.41,16.9,0.31,0.95,0.38
237.84,495.37,0.63,0.42,7.83,16.88,16.46,15.83,15.5,18.8,0.42,0.63,0.33
1311.36,505.87,0.54,0.15,5.55,14.24,14.09,13.55,13.31,14,0.15,0.54,0.24
306.28,508.24,0.35,0,6.97,15.32,15.32,14.97,14.8,18.4,0,0.35,0.17
1083.5,559.54,0.16,-0.03,3.05,11.18,11.21,11.05,11.03,14.5,-0.03,0.16,0.02
1239.22,583.27,1.28,1.79,7.84,18.91,17.12,15.84,15.07,13.7,1.79,1.28,0.77
1578.54,595.86,1.35,1.13,7.07,17.55,16.42,15.07,14.4,12.6,1.13,1.35,0.67
1219.78,601.62,0.85,0.33,6.21,15.39,15.06,14.21,13.79,13.7,0.33,0.85,0.42
1311.54,604.07,0.18,0.08,3.69,11.95,11.87,11.69,11.6,13.4,0.08,0.18,0.09
886.06,611.2,0.47,0.26,6.02,14.75,14.49,14.02,13.84,15,0.26,0.47,0.18
571.69,616.13,0.92,0.2,7.78,16.9,16.7,15.78,15.33,16.5,0.2,0.92,0.45
1781.8,630.62,0.54,0.25,7.78,16.57,16.32,15.78,15.53,11.9,0.25,0.54,0.25
1302.37,639.74,0.86,0.45,7.98,17.29,16.84,15.98,15.49,13.2,0.45,0.86,0.49
160.69,647.93,1.08,0.54,7.69,17.31,16.77,15.69,15.28,18.6,0.54,1.08,0.41
909.58,683.22,0.16,0.07,0.71,8.94,8.87,8.71,8.68,14.5,0.07,0.16,0.03
1520.84,696.81,0.56,0.11,4.45,13.12,13.01,12.45,12.19,12.1,0.11,0.56,0.26
360.38,698.39,0.84,0.37,7.4,16.61,16.24,15.4,14.96,17.2,0.37,0.84,0.44
194.3,729.25,0.57,0.31,7.69,16.57,16.26,15.69,15.35,18,0.31,0.57,0.34
79.07,733.54,1.33,0.89,6.84,17.06,16.17,14.84,14.14,18.7,0.89,1.33,0.7
822.35,770.29,0.66,0.16,6.18,15,14.84,14.18,13.87,14.5,0.16,0.66,0.31
760.13,771.01,0.46,0.1,7.92,16.48,16.38,15.92,15.74,14.8,0.1,0.46,0.18
451.51,782.49,0.98,0.46,7.84,17.28,16.82,15.84,15.32,16.4,0.46,0.98,0.52
1051.35,785.01,0.15,-0.14,2.26,10.27,10.41,10.26,10.21,13.3,-0.14,0.15,0.05
1399.1,787.52,0.52,0.28,5.97,14.77,14.49,13.97,13.74,11.9,0.28,0.52,0.23
624.94,796.2,0.35,0.07,4.31,12.73,12.66,12.31,12.18,15.4,0.07,0.35,0.13
460.41,800.67,0.89,0.19,7.1,16.18,15.99,15.1,14.64,16.2,0.19,0.89,0.46
825.46,803.48,0.19,-0.04,2.53,10.68,10.72,10.53,10.49,14.3,-0.04,0.19,0.04
269.36,815.12,1.37,2.08,8,19.45,17.37,16,15.18,17.3,2.08,1.37,0.82
1994.19,816.1,0.64,0.08,5.6,14.32,14.24,13.6,13.28,10.3,0.08,0.64,0.32
1044.49,819.84,1.12,0.59,7.01,16.72,16.13,15.01,14.39,13.2,0.59,1.12,0.62
1551.52,825.37,0.55,0.07,5.46,14.08,14.01,13.46,13.2,11.2,0.07,0.55,0.26
1874.89,836.28,0.89,0.49,7.57,16.95,16.46,15.57,15.09,10.3,0.49,0.89,0.48
1192.72,846.55,1.23,0.73,5.99,15.95,15.22,13.99,13.35,12.4,0.73,1.23,0.64
1154.89,852.66,0.56,0.28,7.26,16.1,15.82,15.26,15.01,12.5,0.28,0.56,0.25
856.46,865.57,0.53,0.22,4.58,13.33,13.11,12.58,12.37,13.8,0.22,0.53,0.21
1895.97,866.07,0.79,0.24,7.91,16.94,16.7,15.91,15.42,10.1,0.24,0.79,0.49
1687.86,872.12,1.11,0.47,7.28,16.86,16.39,15.28,14.96,10.5,0.47,1.11,0.32
1976.61,877.27,0.65,0.2,7.28,16.13,15.93,15.28,14.9,9.9,0.2,0.65,0.38
1479.09,880.1,0.18,-0.01,3.37,11.54,11.55,11.37,11.4,11.1,-0.01,0.18,-0.03
1685.24,883.6,1.06,0.54,6.55,16.15,15.61,14.55,13.98,10.4,0.54,1.06,0.57
1565.98,888.07,0.6,0.07,5.87,14.54,14.47,13.87,13.58,10.7,0.07,0.6,0.29
316.7,894.55,0.92,0.27,7.9,17.09,16.82,15.9,15.42,16.7,0.27,0.92,0.48
463.58,903.31,1.07,0.36,7.72,17.15,16.79,15.72,15.23,15.8,0.36,1.07,0.49
949.37,914.33,0.68,0.15,6.67,15.5,15.35,14.67,14.32,13.1,0.15,0.68,0.35
636.22,919.03,0.68,0.37,7.01,16.06,15.69,15.01,14.66,14.7,0.37,0.68,0.35
1038.44,924.11,0.29,-0.2,4.99,13.08,13.28,12.99,12.88,12.7,-0.2,0.29,0.11
1725.4,928.24,0.54,0.1,5.55,14.19,14.09,13.55,13.28,10,0.1,0.54,0.27
994.94,942.66,0.44,0.24,7.22,15.9,15.66,15.22,15.01,12.8,0.24,0.44,0.21
1279.49,953.98,0.92,0.41,6.87,16.2,15.79,14.87,14.42,11.4,0.41,0.92,0.45
214.56,958.13,0.32,0.15,3.98,12.45,12.3,11.98,11.91,17,0.15,0.32,0.07
1804.92,961.06,0.96,0.66,7.63,17.25,16.59,15.63,15.06,9.6,0.66,0.96,0.57
1175.65,962.97,0.27,0.13,3.9,12.3,12.17,11.9,11.81,11.8,0.13,0.27,0.09
578.35,976.57,1.36,0.81,7.07,17.24,16.43,15.07,14.36,14.8,0.81,1.36,0.71
1050.46,999.11,0.66,0.21,7.93,16.8,16.59,15.93,15.55,12.2,0.21,0.66,0.38
1819.74,1010.98,0.89,0.27,7.45,16.61,16.34,15.45,15.06,9.2,0.27,0.89,0.39
1457.69,1020.52,0.63,0.08,5.89,14.6,14.52,13.89,13.59,10.3,0.08,0.63,0.3
88.1,1027.48,1.38,0.98,7.97,18.33,17.35,15.97,15.27,17.5,0.98,1.38,0.7
875.04,1034.32,0.55,0.31,7.14,16,15.69,15.14,14.96,12.9,0.31,0.55,0.18
1549.77,1053.43,0.26,0.15,3.85,12.26,12.11,11.85,11.8,9.8,0.15,0.26,0.05
1930.06,1058.83,0.93,0.51,7.98,17.42,16.91,15.98,15.43,8.7,0.51,0.93,0.55
19.02,1060.22,0.77,0.2,6.61,15.58,15.38,14.61,14.2,17.8,0.2,0.77,0.41
796.39,1068.52,0.41,0.13,5.25,13.79,13.66,13.25,13.1,13.2,0.13,0.41,0.15
1909.66,1078.79,0.66,0.09,6.07,14.82,14.73,14.07,13.75,8.6,0.09,0.66,0.32
1093.23,1086.11,0.68,0.15,7.14,15.97,15.82,15.14,14.77,11.6,0.15,0.68,0.37
368.32,1095.21,0.78,0.18,5.86,14.82,14.64,13.86,13.48,15.6,0.18,0.78,0.38
1593.03,1111.47,0.69,0.18,6.78,15.65,15.47,14.78,14.43,9.2,0.18,0.69,0.35
1061.06,1112.92,0.09,0.01,3.26,11.36,11.35,11.26,11.22,11.6,0.01,0.09,0.04
1958.09,1117.12,0.66,0.22,7.74,16.62,16.4,15.74,15.46,8.2,0.22,0.66,0.28
863.16,1148.15,1,0.71,7.95,17.66,16.95,15.95,15.41,12.5,0.71,1,0.54
1173.65,1153.62,0.38,0.11,5.25,13.74,13.63,13.25,13.08,10.8,0.11,0.38,0.17
1443.99,1159.36,0.8,0.23,7.31,16.34,16.11,15.31,14.92,9.5,0.23,0.8,0.39
1651.23,1186.08,0.65,0.11,5.64,14.4,14.29,13.64,13.33,8.6,0.11,0.65,0.31
237.47,1205.76,0.97,1.21,7.64,17.82,16.61,15.64,15.08,16,1.21,0.97,0.56
52.44,1207.47,1.46,1.23,7.19,17.88,16.65,15.19,14.45,17.2,1.23,1.46,0.74
977.92,1213.73,0.84,0.15,7.83,16.82,16.67,15.83,15.47,11.6,0.15,0.84,0.36
569.81,1217.63,1.3,0.92,6.65,16.87,15.95,14.65,13.96,13.9,0.92,1.3,0.69
243.94,1226.8,0.63,0.33,5.75,14.71,14.38,13.75,13.44,15.9,0.33,0.63,0.31
354.74,1229,0.91,0.31,7.58,16.8,16.49,15.58,15.15,15.2,0.31,0.91,0.43
1078.84,1243.19,0.69,0.41,6.69,15.79,15.38,14.69,14.37,10.9,0.41,0.69,0.32
202.16,1246.08,0.57,0.11,5.56,14.24,14.13,13.56,13.28,16.1,0.11,0.57,0.28
1796.56,1265.75,0.22,0.11,3.77,12.1,11.99,11.77,11.65,7.6,0.11,0.22,0.12
43.64,1266.36,0.8,0.25,5.48,14.53,14.28,13.48,13.09,17,0.25,0.8,0.39
845.96,1270.11,0.1,-0.25,2.47,10.32,10.57,10.47,10.44,12.1,-0.25,0.1,0.03
715.87,1275.74,0.15,0.06,-0.44,7.77,7.71,7.56,7.61,12.8,0.06,0.15,-0.05
715.87,1275.74,0.15,0.06,-0.44,7.77,7.71,7.56,7.61,12.8,0.06,0.15,-0.05
245.08,1277.54,0.87,0.26,7.19,16.32,16.06,15.19,14.79,15.7,0.26,0.87,0.4
1289.94,1278.86,0.73,0.23,6.46,15.42,15.19,14.46,14.08,9.6,0.23,0.73,0.38
1511.12,1283.62,0.47,0.21,4.88,13.56,13.35,12.88,12.71,8.5,0.21,0.47,0.17
453.97,1290.83,1.29,1.12,7.23,17.64,16.52,15.23,14.57,14.4,1.12,1.29,0.66
1683.27,1307.65,0.6,0.08,5.67,14.35,14.27,13.67,13.39,7.7,0.08,0.6,0.28
1263.21,1316.19,0.64,0.11,5.97,14.72,14.61,13.97,13.66,9.6,0.11,0.64,0.31
1337.46,1326.94,0.81,0.31,7.72,16.84,16.53,15.72,15.29,9.1,0.31,0.81,0.43
1712.18,1329.8,0.67,0.13,5.58,14.38,14.25,13.58,13.25,7.5,0.13,0.67,0.33
1162.04,1344.19,0.43,0.18,4.86,13.47,13.29,12.86,12.7,10,0.18,0.43,0.16
1871.87,1346.16,0.56,0.09,5.39,14.04,13.95,13.39,13.13,6.9,0.09,0.56,0.26
367.1,1348.96,0.54,0.23,7.33,16.1,15.87,15.33,15.14,14.7,0.23,0.54,0.19
1344.09,1357.61,0.48,0.18,4.91,13.57,13.39,12.91,12.71,8.9,0.18,0.48,0.2
660.71,1365.28,0.72,0.33,6.89,15.94,15.61,14.89,14.49,12.8,0.33,0.72,0.4
819.96,1365.69,0.2,-0.14,2.77,10.83,10.97,10.77,10.72,11.8,-0.14,0.2,0.05
1416.27,1382.81,0.6,0.22,5.59,14.41,14.19,13.59,13.17,8.5,0.22,0.6,0.42
336,1391.72,0.79,0.31,7.2,16.3,15.99,15.2,14.79,14.8,0.31,0.79,0.41
471.32,1401.04,0.74,0.17,6.29,15.2,15.03,14.29,13.91,13.9,0.17,0.74,0.38
1530.35,1408.47,0.93,0.52,5.33,14.78,14.26,13.33,12.89,7.8,0.52,0.93,0.44
575.9,1408.86,1.68,0.52,7.6,17.8,17.28,15.6,14.88,13.2,0.52,1.68,0.72
1085.64,1413.03,1.18,0.86,3.16,13.2,12.34,11.16,10.59,10.1,0.86,1.18,0.57
1118,1414.58,0.91,0.52,6.09,15.52,15,14.09,13.64,9.9,0.52,0.91,0.45
1055.74,1429.07,0.81,0.21,7.41,16.43,16.22,15.41,14.96,10.2,0.21,0.81,0.45
1587.25,1429.89,0.62,0.24,5.48,14.34,14.1,13.48,13.17,7.4,0.24,0.62,0.31
18.69,1436.51,0.79,0.48,7.22,16.49,16.01,15.22,14.75,16.8,0.48,0.79,0.47
118.21,1440.59,1.45,1.53,5.85,16.83,15.3,13.85,13.1,16.1,1.53,1.45,0.75
326.91,1477.67,1.24,0.93,6.13,16.3,15.37,14.13,13.49,14.6,0.93,1.24,0.64
491.08,1479.07,0.26,-0.2,1.42,9.48,9.68,9.42,9.32,13.5,-0.2,0.26,0.1
491.08,1479.07,0.26,-0.2,1.42,9.48,9.68,9.42,9.32,13.5,-0.2,0.26,0.1
870.09,1485.72,0.62,0.02,4.08,12.72,12.7,12.08,11.93,11.1,0.02,0.62,0.15
1321.02,1511,0.7,0.21,5.56,14.47,14.26,13.56,13.22,8.3,0.21,0.7,0.34
1424.66,1513.43,0.1,-0.33,0.78,8.55,8.88,8.78,8.75,7.8,-0.33,0.1,0.03
1851.66,1517.05,0.19,0.01,2.66,10.86,10.85,10.66,10.64,5.8,0.01,0.19,0.02
416.25,1532.77,0.9,0.4,7.18,16.48,16.08,15.18,14.7,13.9,0.4,0.9,0.48
74.49,1560.98,0.38,0.14,3.85,12.37,12.23,11.85,11.68,16.1,0.14,0.38,0.17
1455.8,1566.62,0.62,0.07,5.96,14.65,14.58,13.96,13.64,7.4,0.07,0.62,0.32
1253.69,1566.77,1.09,0.08,5.51,14.68,14.6,13.51,12.93,8.5,0.08,1.09,0.58
1220.01,1566.79,0.89,0.32,7.54,16.75,16.43,15.54,15.03,8.7,0.32,0.89,0.51
1826.92,1571.62,0.32,0.11,4.03,12.46,12.35,12.03,11.95,5.6,0.11,0.32,0.08
1078.56,1581.18,0.41,-0.03,5.29,13.67,13.7,13.29,13.09,9.5,-0.03,0.41,0.2
1891,1581.49,0.56,0.31,6.75,15.62,15.31,14.75,14.46,5.3,0.31,0.56,0.29
1803.45,1589.97,1.36,1.68,7.56,18.6,16.92,15.56,14.81,5.6,1.68,1.36,0.75
1602.72,1592.12,0.91,0.19,7.99,17.09,16.9,15.99,15.53,6.5,0.19,0.91,0.46
663.69,1594.7,1.02,0.27,7.67,16.96,16.69,15.67,15.21,12.1,0.27,1.02,0.46
1456.36,1600.24,0.83,0.27,7.59,16.69,16.42,15.59,15.11,7.2,0.27,0.83,0.48
1176.08,1628.21,0.99,0.79,7.65,17.43,16.64,15.65,15.08,8.7,0.79,0.99,0.57
1613.54,1629.02,0.84,0.4,6.73,15.97,15.57,14.73,14.29,6.2,0.4,0.84,0.44
1020.05,1631.58,0.51,0.21,4.33,13.05,12.84,12.33,12.09,9.7,0.21,0.51,0.24
1810.98,1635.94,0.11,-0.32,2.24,10.03,10.35,10.24,10.24,5.3,-0.32,0.11,0
1391.08,1641.87,0.77,0.3,7.29,16.36,16.06,15.29,14.89,7.4,0.3,0.77,0.4
1766.37,1648.08,0.58,0.15,3.68,12.41,12.26,11.68,11.4,5.4,0.15,0.58,0.28
140.85,1673.62,0.79,0.2,6.28,15.27,15.07,14.28,13.89,15.4,0.2,0.79,0.39
817.03,1677.06,0.74,0.24,6.05,15.03,14.79,14.05,13.67,10.9,0.24,0.74,0.38
1078.7,1686.25,1.05,0.75,7.59,17.39,16.64,15.59,15.1,9.1,0.75,1.05,0.49
1003.14,1689.32,0.35,0.2,4.32,12.87,12.67,12.32,12.21,9.6,0.2,0.35,0.11
287.99,1691.17,0.67,0.09,5.99,14.75,14.66,13.99,13.69,14.4,0.09,0.67,0.3
55.51,1701.22,0.56,0.3,6.98,15.84,15.54,14.98,14.7,16,0.3,0.56,0.28
1195.77,1741.17,0.55,0.2,4.8,13.55,13.35,12.8,12.56,8.2,0.2,0.55,0.24
1593.28,1763.79,0.8,0.27,4.94,14.01,13.74,12.94,12.56,5.7,0.27,0.8,0.38
1926.58,1770.98,1.37,1.17,7.16,17.7,16.53,15.16,14.45,4,1.17,1.37,0.71
410.28,1771.03,0.81,0.24,7.1,16.15,15.91,15.1,14.74,13.4,0.24,0.81,0.36
1514.9,1771.83,0.51,0.15,4.84,13.5,13.35,12.84,12.62,6.1,0.15,0.51,0.22
271.61,1784.4,0.79,0.27,7.66,16.72,16.45,15.66,15.21,14.3,0.27,0.79,0.45
1054.36,1814.64,0.89,0.29,7.62,16.8,16.51,15.62,15.14,8.9,0.29,0.89,0.48
981.34,1823.51,1.41,0.92,7.01,17.34,16.42,15.01,14.26,9.4,0.92,1.41,0.75
734.2,1829.6,0.3,0.11,3.99,12.4,12.29,11.99,11.91,11.1,0.11,0.3,0.08
578.47,1835.3,0.98,0.57,7.33,16.88,16.31,15.33,14.82,12.1,0.57,0.98,0.51
1350.37,1835.63,0.66,0.14,5.04,13.84,13.7,13.04,12.73,7,0.14,0.66,0.31
322.78,1837.77,0.7,0.2,6.57,15.47,15.27,14.57,14.18,13.9,0.2,0.7,0.39
1610.72,1859.38,0.68,0.14,6.31,15.13,14.99,14.31,13.96,5.2,0.14,0.68,0.35
698.63,1859.94,0.96,0.35,7.63,16.94,16.59,15.63,15.13,11.3,0.35,0.96,0.5
218.83,1865.22,1.89,1.86,4.77,16.52,14.66,12.77,11.29,14.6,1.86,1.89,1.48
1810.76,1865.24,0.52,0.39,7.6,16.51,16.12,15.6,15.35,4.1,0.39,0.52,0.25
1604.48,1889.73,0.81,0.19,7.5,16.5,16.31,15.5,15.06,5.2,0.19,0.81,0.44
1980.43,1899.03,0.83,0.19,6.95,15.97,15.78,14.95,14.55,3.1,0.19,0.83,0.4
1689.81,1902.09,0.98,0.34,7.51,16.83,16.49,15.51,15.08,4.6,0.34,0.98,0.43
1875.95,1913.19,0.36,-0.02,5.07,13.41,13.43,13.07,12.94,3.5,-0.02,0.36,0.13
1791.48,1929.35,0.25,0.04,2.6,10.89,10.85,10.6,10.54,3.9,0.04,0.25,0.06
1680.98,1931.37,0.42,0.04,7.75,16.21,16.17,15.75,15.64,4.6,0.04,0.42,0.11
708.8,1934.05,0.83,0.3,7.8,16.93,16.63,15.8,15.27,11.1,0.3,0.83,0.53
228.31,1936.91,0.84,0.32,7.5,16.66,16.34,15.5,15.07,14.4,0.32,0.84,0.43
1067.51,1944.49,0.74,0.2,6.4,15.34,15.14,14.4,14.02,8.6,0.2,0.74,0.38
1881.49,1946.53,0.44,0.21,5.33,13.98,13.77,13.33,13.17,3.3,0.21,0.44,0.16
140.96,1947.13,0.73,0.31,2.23,11.27,10.96,10.23,9.93,15,0.31,0.73,0.3
1714.06,1951.73,0.66,0.26,4.14,13.06,12.8,12.14,12.18,4.3,0.26,0.66,-0.04
561.66,1954.25,0.77,0.32,5.2,14.29,13.97,13.2,12.83,12.1,0.32,0.77,0.37
1120.7,1955.55,1.08,0.29,7.77,17.14,16.85,15.77,15.23,8.2,0.29,1.08,0.54
926.29,1957.86,1.37,1.52,7.41,18.3,16.78,15.41,14.66,9.5,1.52,1.37,0.75
1358.31,1959.06,1.49,0.78,6.54,16.81,16.03,14.54,13.77,6.6,0.78,1.49,0.77
520.32,1960.76,0.88,0.33,6.93,16.14,15.81,14.93,14.48,12.4,0.33,0.88,0.45
320.93,1961.24,0.55,0.31,6.51,15.37,15.06,14.51,14.24,13.8,0.31,0.55,0.27
1570.82,1961.76,0.75,0.15,5.58,14.48,14.33,13.58,13.18,5.2,0.15,0.75,0.4
1077.01,1977.19,0.82,0.21,5,14.03,13.82,13,12.59,8.5,0.21,0.82,0.41
1987.71,1996.59,0.73,0.1,6.49,15.32,15.22,14.49,14.45,2.5,0.1,0.73,0.04
938.63,1998.75,0.59,0.09,7.95,16.63,16.54,15.95,15.71,9.4,0.09,0.59,0.24
207.52,2003.77,0.46,0.23,7.29,15.98,15.75,15.29,15.09,14.5,0.23,0.46,0.2
1449.96,2006.06,0.8,0.16,6.77,15.73,15.57,14.77,14.39,5.9,0.16,0.8,0.38
1211.46,2013.69,1,0.57,7.59,17.16,16.59,15.59,15.02,7.5,0.57,1,0.57
592.86,2013.79,0.42,0.1,5.5,14.02,13.92,13.5,13.29,11.8,0.1,0.42,0.21
1739.67,2017.08,0.67,0.11,6.46,15.24,15.13,14.46,14.08,3.9,0.11,0.67,0.38
105.54,2017.41,0.67,0.33,7.91,16.91,16.58,15.91,15.62,15.2,0.33,0.67,0.29
95.67,2023.24,0.74,0.2,7.46,16.4,16.2,15.46,15.03,15.3,0.2,0.74,0.43
256.33,2038.98,0.52,0.27,7.2,15.99,15.72,15.2,14.96,14.1,0.27,0.52,0.24
1606.66,2040.63,0.86,0.77,7.97,17.6,16.83,15.97,15.48,4.7,0.77,0.86,0.49
1957.23,2047.7,0.67,0.25,6.63,15.55,15.3,14.63,14.32,2.5,0.25,0.67,0.31
15.32,2057.35,0.15,-0.06,2.18,10.27,10.33,10.18,10.16,15.8,-0.06,0.15,0.02
416.42,2058.46,0.37,0.05,7.78,16.2,16.15,15.78,15.57,13,0.05,0.37,0.21
1703.03,2060,0.78,0.32,7.76,16.86,16.54,15.76,15.36,4,0.32,0.78,0.4
1501.96,2062.36,0.13,-0.26,1.24,9.11,9.37,9.24,9.21,5.4,-0.26,0.13,0.03
1931.36,2066.44,0.22,-0.07,3.28,11.43,11.5,11.28,11.22,2.5,-0.07,0.22,0.06
1416.25,2070.87,0.47,0.2,4.66,13.33,13.13,12.66,12.46,6,0.2,0.47,0.2
914.7,2084.55,0.45,0.06,5.45,13.96,13.9,13.45,13.24,9.5,0.06,0.45,0.21
1598.33,2108.35,0.92,0.29,7.15,16.36,16.07,15.15,14.63,4.7,0.29,0.92,0.52
1537.48,2113.14,0.68,0.54,7.7,16.92,16.38,15.7,15.35,5.1,0.54,0.68,0.35
1081.93,2114.94,0.67,0.23,5.6,14.5,14.27,13.6,13.28,8.3,0.23,0.67,0.32
1987.89,2116.07,0.72,0.34,7.17,16.23,15.89,15.17,14.78,2,0.34,0.72,0.39
1181.85,2126.79,1.32,0.93,6.02,16.27,15.34,14.02,13.35,7.6,0.93,1.32,0.67
1941.53,2129.41,0.67,0.09,5.96,14.72,14.63,13.96,13.63,2.3,0.09,0.67,0.33
239.09,2133.31,0.62,0.25,6.86,15.73,15.48,14.86,14.56,14.2,0.25,0.62,0.3
1687.33,2150.06,0.79,0.18,6.83,15.8,15.62,14.83,14.4,4,0.18,0.79,0.43
228.9,2150.13,0.47,0.25,6.98,15.7,15.45,14.98,14.82,14.3,0.25,0.47,0.16
1644.99,2168.34,0.3,0.12,2.85,11.27,11.15,10.85,10.74,4.3,0.12,0.3,0.11
1388.92,2177.98,1.27,0.83,6,16.1,15.27,14,13.35,6.1,0.83,1.27,0.65
375.15,2183.92,1.26,0.97,6.66,16.89,15.92,14.66,14.02,13.2,0.97,1.26,0.64
1004.25,2196.18,0.25,0.17,3.93,12.35,12.18,11.93,11.82,8.8,0.17,0.25,0.11
156.92,2196.41,0.73,0.2,7.03,15.96,15.76,15.03,14.67,14.8,0.2,0.73,0.36
1088.41,2201.16,0.16,-0.15,2.23,10.24,10.39,10.23,10.15,8.2,-0.15,0.16,0.08
1492.16,2203.83,0.36,0.2,3.33,11.89,11.69,11.33,11.21,5.3,0.2,0.36,0.12
856.34,2209.26,1.59,2.16,7.93,19.68,17.52,15.93,15.03,9.8,2.16,1.59,0.9
879.42,2213.89,1.17,0.48,7.34,16.99,16.51,15.34,14.77,9.7,0.48,1.17,0.57
1204.09,2216.5,0.44,0.25,4.75,13.44,13.19,12.75,12.59,7.4,0.25,0.44,0.16
1559.82,2218.71,0.75,0.13,6.61,15.49,15.36,14.61,14.23,4.8,0.13,0.75,0.38
1960.47,2237.95,0.77,0.22,7.57,16.56,16.34,15.57,15.2,2,0.22,0.77,0.37
1840.57,2248.59,0.78,0.29,6.94,16.01,15.72,14.94,14.55,2.9,0.29,0.78,0.39
1642.25,2259.57,0.85,0.07,7.57,16.49,16.42,15.57,15.14,4.3,0.07,0.85,0.43
1293.83,2265.67,0.28,0.05,3.63,11.96,11.91,11.63,11.56,6.7,0.05,0.28,0.07
1868.7,2270.84,0.9,0.48,7.95,17.33,16.85,15.95,15.35,2.7,0.48,0.9,0.6
1052.09,2272.39,1.19,0.53,7.24,16.96,16.43,15.24,14.58,8.4,0.53,1.19,0.66
1038.96,2297.86,0.75,0.3,7.43,16.48,16.18,15.43,15.01,8.5,0.3,0.75,0.42
90.85,2301.28,0.97,0.57,6.04,15.58,15.01,14.04,13.55,15.2,0.57,0.97,0.49
325.24,2306.57,0.82,0.33,7.4,16.55,16.22,15.4,14.93,13.6,0.33,0.82,0.47
1693.17,2311.82,1.21,0.77,6.36,16.34,15.57,14.36,13.76,3.9,0.77,1.21,0.6
1759.81,2312.18,0.18,-0.16,1.41,9.43,9.59,9.41,9.4,3.5,-0.16,0.18,0.01
1499.29,2318.08,0.79,0.12,6.72,15.63,15.51,14.72,14.32,5.3,0.12,0.79,0.4
1201.36,2326.29,0.27,-0.03,2.57,10.81,10.84,10.57,10.5,7.4,-0.03,0.27,0.07
1577.56,2334.49,0.27,0.06,3.46,11.79,11.73,11.46,11.4,4.8,0.06,0.27,0.06
1162.18,2336.1,0.53,0.27,5.08,13.88,13.61,13.08,12.88,7.7,0.27,0.53,0.2
799.89,2337.8,0.55,0.09,5.41,14.05,13.96,13.41,13.16,10.2,0.09,0.55,0.25
641.47,2361.03,0.51,0.29,7.03,15.83,15.54,15.03,14.8,11.4,0.29,0.51,0.23
688.02,2377.66,0.57,0.33,6.95,15.85,15.52,14.95,14.68,11.1,0.33,0.57,0.27
622.13,2381.34,0.83,0.24,7.83,16.9,16.66,15.83,15.33,11.5,0.24,0.83,0.5
521.73,2384.35,0.83,0.15,7.47,16.45,16.3,15.47,14.98,12.2,0.15,0.83,0.49
1117.14,2386.26,0.93,0.36,6.9,16.19,15.83,14.9,14.48,8,0.36,0.93,0.42
1804.72,2386.44,0.94,0.56,7.38,16.88,16.32,15.38,14.85,3.3,0.56,0.94,0.53
1057,2394.7,0.34,0.2,4.24,12.78,12.58,12.24,12.14,8.5,0.2,0.34,0.1
1841.18,2406.3,0.6,0.14,5.44,14.18,14.04,13.44,13.18,3.1,0.14,0.6,0.26
187.5,2408.03,0.39,0.21,4.53,13.13,12.92,12.53,12.39,14.6,0.21,0.39,0.14
78.69,2416.48,0.76,0.1,7.33,16.19,16.09,15.33,14.95,15.4,0.1,0.76,0.38
78.69,2416.48,0.76,0.09,7.33,16.18,16.09,15.33,14.95,15.4,0.09,0.76,0.38
1361.95,2422.69,0.77,0.23,6.68,15.68,15.45,14.68,14.31,6.4,0.23,0.77,0.37
906.68,2424.2,0.91,0.63,7.29,16.83,16.2,15.29,14.84,9.6,0.63,0.91,0.45
1962.72,2428.28,0.54,0.18,5.27,13.99,13.81,13.27,13.03,2.4,0.18,0.54,0.24
1084.15,2432.54,0.82,0.24,6.74,15.8,15.56,14.74,14.34,8.3,0.24,0.82,0.4
797.76,2436.8,0.96,0.32,7.93,17.21,16.89,15.93,15.39,10.3,0.32,0.96,0.54
1270.97,2437.51,0.61,0.27,5.97,14.85,14.58,13.97,13.67,7,0.27,0.61,0.3
1754.94,2440.51,0.75,0.19,6.47,15.41,15.22,14.47,14.05,3.7,0.19,0.75,0.42
535.63,2445.22,0.67,0.13,6.11,14.91,14.78,14.11,13.78,12.2,0.13,0.67,0.33
1504.66,2456.33,1.13,0.61,6.92,16.66,16.05,14.92,14.34,5.4,0.61,1.13,0.58
271.93,2457.4,0.77,0.22,7.58,16.57,16.35,15.58,15.08,14,0.22,0.77,0.5
1116.36,2469.13,0.79,0.37,5.21,14.37,14,13.21,12.85,8.1,0.37,0.79,0.36
1478.42,2487.76,0.36,0.21,4.44,13.01,12.8,12.44,12.35,5.7,0.21,0.36,0.09
714.26,2494.25,0.08,-0.31,1.84,9.61,9.92,9.84,9.79,11,-0.31,0.08,0.05
1194.7,2501.05,0.72,0.17,6.09,14.98,14.81,14.09,13.75,7.6,0.17,0.72,0.34
80.7,2510,0.87,0.26,7.94,17.07,16.81,15.94,15.51,15.4,0.26,0.87,0.43
1673.24,2513.2,0.87,0.51,7.24,16.62,16.11,15.24,14.75,4.5,0.51,0.87,0.49
1956.83,2533.93,0.66,0.13,5.67,14.46,14.33,13.67,13.37,2.9,0.13,0.66,0.3
1326.65,2534.94,0.48,0.29,6.38,15.15,14.86,14.38,14.21,6.8,0.29,0.48,0.17
437.11,2536.29,0.93,0.39,7.25,16.57,16.18,15.25,14.76,13,0.39,0.93,0.49
1491.6,2556.89,0.56,0.06,4.55,13.17,13.11,12.55,12.31,5.8,0.06,0.56,0.24
411.97,2562.88,1.13,0.46,7.79,17.38,16.92,15.79,15.24,13.2,0.46,1.13,0.55
1432.94,2565.8,0.27,0.04,3.63,11.94,11.9,11.63,11.59,6.2,0.04,0.27,0.04
1716.69,2568.46,0.16,-0.28,1.82,9.7,9.98,9.82,9.8,4.4,-0.28,0.16,0.02
1644.6,2576.09,0.18,-0.16,2.7,10.72,10.88,10.7,10.69,4.9,-0.16,0.18,0.01
1644.6,2576.16,0.18,-0.16,2.7,10.72,10.88,10.7,10.69,4.9,-0.16,0.18,0.01
728.51,2584.16,1.85,1.84,5.91,17.6,15.76,13.91,13.49,11,1.84,1.85,0.42
728.51,2584.21,1.49,1.28,5.91,16.68,15.4,13.91,13.18,11,1.28,1.49,0.73
1266.9,2590.32,0.79,0.23,6.7,15.72,15.49,14.7,14.33,7.3,0.23,0.79,0.37
812.27,2591.49,0.66,0.09,6.13,14.88,14.79,14.13,13.79,10.4,0.09,0.66,0.34
1193.03,2595.2,0.64,0.11,5.95,14.7,14.59,13.95,13.62,7.8,0.11,0.64,0.33
111.92,2600.75,0.78,0.16,6.65,15.59,15.43,14.65,14.27,15.3,0.16,0.78,0.38
1131.42,2603.55,0.68,0.14,5.83,14.65,14.51,13.83,13.51,8.3,0.14,0.68,0.32
1773.95,2607.77,0.67,0.25,4.78,13.7,13.45,12.78,11.96,4.2,0.25,0.67,0.82
583.58,2618.29,0.14,-0.12,2.63,10.65,10.77,10.63,10.56,12.1,-0.12,0.14,0.07
887.42,2621.07,0.88,0.53,5.28,14.69,14.16,13.28,12.86,10,0.53,0.88,0.42
642.58,2640.51,1.13,1.07,7.62,17.82,16.75,15.62,15.06,11.7,1.07,1.13,0.56
1122.19,2654.98,0.18,-0.06,3.33,11.45,11.51,11.33,11.31,8.5,-0.06,0.18,0.02
1803.63,2657.01,0.74,0.14,5.91,14.79,14.65,13.91,13.55,4.3,0.14,0.74,0.36
1666.24,2658.36,0.76,0.23,6.45,15.44,15.21,14.45,14.1,5,0.23,0.76,0.35
722.03,2660.25,0.62,0.28,6.24,15.14,14.86,14.24,13.96,11.2,0.28,0.62,0.28
1957.47,2671.02,0.55,0.13,5.49,14.17,14.04,13.49,13.24,3.6,0.13,0.55,0.25
1461.33,2671.35,0.16,-0.17,1.69,9.68,9.85,9.69,9.65,6.3,-0.17,0.16,0.04
895.99,2689.33,0.68,0.11,6.17,14.96,14.85,14.17,13.82,10.1,0.11,0.68,0.35
1276.82,2692.78,0.7,0.27,7.93,16.9,16.63,15.93,15.51,7.5,0.27,0.7,0.42
1801.7,2709.16,0.57,0.38,7.95,16.9,16.52,15.95,15.63,4.5,0.38,0.57,0.32
786.32,2719.11,0.7,0.12,5.65,14.47,14.35,13.65,13.33,10.9,0.12,0.7,0.32
143.66,2724.44,0.87,0.8,7.59,17.26,16.46,15.59,14.99,15.3,0.8,0.87,0.6
368.14,2739.41,0.77,0.36,7.72,16.85,16.49,15.72,15.48,13.7,0.36,0.77,0.24
1542.93,2741.18,0.8,0.17,6.82,15.79,15.62,14.82,14.43,6.1,0.17,0.8,0.39
359.89,2746.47,0.57,0.45,7.4,16.42,15.97,15.4,15.11,13.8,0.45,0.57,0.29
1975.8,2753.56,0.19,-0.06,2.99,11.12,11.18,10.99,10.98,4.1,-0.06,0.19,0.01
1276.03,2761,0.26,0.09,3.14,11.49,11.4,11.14,11.08,7.8,0.09,0.26,0.06
1276.03,2761,0.26,0.09,3.14,11.49,11.4,11.14,11.08,7.8,0.09,0.26,0.06
156.62,2766.11,0.77,0.24,7.29,16.3,16.06,15.29,14.8,15.2,0.24,0.77,0.49
1090.19,2778.35,0.66,0.09,5.54,14.29,14.2,13.54,13.2,9,0.09,0.66,0.34
1649.44,2779.83,0.21,0.16,3.14,11.51,11.35,11.14,11.07,5.7,0.16,0.21,0.07
1199.61,2783.46,0.46,0.27,7.14,15.87,15.6,15.14,14.9,8.3,0.27,0.46,0.24
1990.12,2789.91,0.17,-0.06,3.2,11.31,11.37,11.2,11.19,4.3,-0.06,0.17,0.01
1990.17,2789.91,0.17,-0.06,3.2,11.31,11.37,11.2,11.19,4.3,-0.06,0.17,0.01
1576.89,2809.03,0.86,0.28,7.1,16.24,15.96,15.1,14.71,6.2,0.28,0.86,0.39
1495.23,2825.61,1.02,0.31,7.21,16.54,16.23,15.21,14.66,6.7,0.31,1.02,0.55
1368.17,2832.55,0.46,0.27,5.31,14.04,13.77,13.31,13.12,7.5,0.27,0.46,0.19
335.28,2853.07,0.18,0.05,3.39,11.62,11.57,11.39,11.28,14.2,0.05,0.18,0.11
1772.01,2853.65,0.47,0.43,7.31,16.21,15.78,15.31,15.07,5.5,0.43,0.47,0.24
727.65,2854.06,0.43,0.19,4.64,13.26,13.07,12.64,12.49,11.6,0.19,0.43,0.15
850.75,2866.72,0.82,0.26,6.53,15.61,15.35,14.53,14.09,10.8,0.26,0.82,0.44
1548.28,2872.83,0.36,0.19,4.55,13.1,12.91,12.55,12.44,6.6,0.19,0.36,0.11
45.01,2877.65,0.88,0.43,7.37,16.68,16.25,15.37,14.94,16.2,0.43,0.88,0.43
1806.98,2879.08,1.18,0.89,7.76,17.83,16.94,15.76,15.09,5.5,0.89,1.18,0.67
323.58,2881.08,0.83,0.4,7.6,16.83,16.43,15.6,15.18,14.3,0.4,0.83,0.42
1764.91,2881.37,0.8,0.22,7.3,16.32,16.1,15.3,14.88,5.6,0.22,0.8,0.42
1486.99,2885.43,0.2,0.03,3.47,11.7,11.67,11.47,11.44,7,0.03,0.2,0.03
1895.81,2887.69,0.09,-0.28,2.06,9.87,10.15,10.06,10.05,5.2,-0.28,0.09,0.01
725.49,2893,0.55,0.41,7.25,16.21,15.8,15.25,14.96,11.7,0.41,0.55,0.29
1057.58,2896.74,0.9,0.35,7.41,16.66,16.31,15.41,14.99,9.6,0.35,0.9,0.42
1388.6,2910.6,0.59,0.26,7.43,16.28,16.02,15.43,15.17,7.7,0.26,0.59,0.26
1222.4,2912.58,0.9,0.35,7.56,16.81,16.46,15.56,15.11,8.6,0.35,0.9,0.45
231.09,2913.27,0.7,0.19,6.51,15.4,15.21,14.51,14.15,15,0.19,0.7,0.36
916.04,2918.92,0.93,0.31,7.49,16.73,16.42,15.49,15.09,10.5,0.31,0.93,0.4
891.95,2920.56,1.13,0.84,7.62,17.59,16.75,15.62,15.09,10.7,0.84,1.13,0.53
1824.08,2937.52,1.07,0.78,7.18,17.03,16.25,15.18,14.66,5.7,0.78,1.07,0.52
1179.77,2940.38,0.53,0.32,6.81,15.66,15.34,14.81,14.57,9,0.32,0.53,0.24
1995.16,2943.29,0.91,0.34,6.9,16.15,15.81,14.9,14.43,5.3,0.34,0.91,0.47
1195.76,2959.75,0.51,0.33,7.19,16.03,15.7,15.19,14.93,9,0.33,0.51,0.26
357.56,2959.79,0.82,0.31,7.21,16.34,16.03,15.21,14.74,14.3,0.31,0.82,0.47
1911.79,2959.92,0.79,0.18,6.62,15.59,15.41,14.62,14.21,5.6,0.18,0.79,0.41
1309.49,2960.64,0.63,0.11,5.52,14.26,14.15,13.52,13.21,8.3,0.11,0.63,0.31
1359.99,2984.99,0.62,0.1,5.61,14.33,14.23,13.61,13.34,8.2,0.1,0.62,0.27
622.99,2996.79,0.47,0.2,4.94,13.61,13.41,12.94,12.76,12.7,0.2,0.47,0.18
1294.02,2999.67,1.29,0.85,7.14,17.28,16.43,15.14,14.44,8.6,0.85,1.29,0.7
1810.39,3000.15,0.07,-0.28,1.04,8.83,9.11,9.04,9.05,6.2,-0.28,0.07,-0.01
1810.42,3000.15,0.07,-0.28,1.04,8.83,9.11,9.04,9.05,6.2,-0.28,0.07,-0.01
1133.99,3006.46,1.22,1.07,5.01,15.3,14.23,13.01,12.41,9.5,1.07,1.22,0.6
499.19,3007.95,1.55,1.46,5.6,16.61,15.15,13.6,12.82,13.5,1.46,1.55,0.78
263.65,3011.6,0.38,0.21,4.47,13.06,12.85,12.47,12.35,15,0.21,0.38,0.12
1756.42,3016.41,1.23,0.8,5.74,15.77,14.97,13.74,13.14,6.5,0.8,1.23,0.6
1896.67,3039.31,0.24,0.18,4.19,12.61,12.43,12.19,12.12,6.2,0.18,0.24,0.07
1534.17,3042.66,0.45,0.16,4.41,13.02,12.86,12.41,12.24,7.6,0.16,0.45,0.17
1371.61,3056.89,0.59,0.09,4.85,13.53,13.44,12.85,12.57,8.4,0.09,0.59,0.28
1698.63,3062.32,0.42,0.19,4.71,13.32,13.13,12.71,12.56,7,0.19,0.42,0.15
989.2,3063.72,0.56,0.25,6.84,15.65,15.4,14.84,14.58,10.6,0.25,0.56,0.26
1799.33,3072.25,1.11,0.84,-0.52,9.43,8.59,7.48,7.17,6.7,0.84,1.11,0.31
87.06,3086.88,0.74,0.25,6.27,15.26,15.01,14.27,13.89,16.4,0.25,0.74,0.38
1475.22,3092.4,0.3,0.1,3.71,12.11,12.01,11.71,11.61,8.1,0.1,0.3,0.1
1619.22,3097.5,0.6,0.27,7.09,15.96,15.69,15.09,14.8,7.5,0.27,0.6,0.29
1042.03,3103.77,1.6,1.69,4.51,15.8,14.11,12.51,11.69,10.5,1.69,1.6,0.82
499.02,3104.46,0.92,0.25,6.78,15.95,15.7,14.78,14.33,13.8,0.25,0.92,0.45
412.08,3105.4,1.59,1.83,6.23,17.65,15.82,14.23,13.38,14.3,1.83,1.59,0.85
850,3133.88,0.58,0.39,7.86,16.83,16.44,15.86,15.56,11.7,0.39,0.58,0.3
1029.73,3141.84,0.78,0.3,7.42,16.5,16.2,15.42,14.97,10.7,0.3,0.78,0.45
1608.51,3145.98,0.48,0.12,5.09,13.69,13.57,13.09,12.88,7.8,0.12,0.48,0.21
1875.2,3148.2,1.31,1,7.49,17.8,16.8,15.49,14.8,6.9,1,1.31,0.69
1295.56,3148.57,0.62,0.28,7.05,15.95,15.67,15.05,14.71,9.3,0.28,0.62,0.34
1832.73,3148.79,1.31,0.89,6.88,17.08,16.19,14.88,14.27,7,0.89,1.31,0.61
1930.64,3156.27,0.81,0.22,6.91,15.94,15.72,14.91,14.53,6.8,0.22,0.81,0.38
1529.63,3166.62,0.89,0.28,7.37,16.54,16.26,15.37,14.91,8.3,0.28,0.89,0.46
1498.08,3167.37,1.44,0.53,7.91,17.88,17.35,15.91,15.15,8.4,0.53,1.44,0.76
1497.97,3167.38,1.45,0.47,7.9,17.82,17.35,15.9,15.15,8.4,0.47,1.45,0.75
1751.84,3196.96,1.09,0.86,7.91,17.86,17,15.91,15.27,7.6,0.86,1.09,0.64
1926.07,3203.91,0.48,0.46,7.85,16.79,16.33,15.85,15.59,7.2,0.46,0.48,0.26
1758.41,3214.59,0.47,0.18,7.66,16.31,16.13,15.66,15.36,7.7,0.18,0.47,0.3
20.53,3223.97,1,0.68,7.35,17.03,16.35,15.35,14.75,17.2,0.68,1,0.6
1122.24,3224.61,0.49,0.35,7.66,16.5,16.15,15.66,15.45,10.6,0.35,0.49,0.21
773.71,3233.71,0.67,0.27,6.97,15.91,15.64,14.97,14.62,12.6,0.27,0.67,0.35
1951.64,3254.72,0.46,0.18,5.03,13.67,13.49,13.03,12.83,7.5,0.18,0.46,0.2
646.58,3265.29,0.96,0.35,6.84,16.15,15.8,14.84,14.4,13.4,0.35,0.96,0.44
496.27,3270.47,0.46,0.25,4.61,13.32,13.07,12.61,12.45,14.4,0.25,0.46,0.16
1229.58,3277.75,0.78,0.29,7.04,16.11,15.82,15.04,14.61,10.3,0.29,0.78,0.43
341.3,3280.07,1.3,1,4.4,14.7,13.7,12.4,11.78,15.3,1,1.3,0.62
1146.62,3281.22,0.86,0.26,7.05,16.17,15.91,15.05,14.6,10.7,0.26,0.86,0.45
717.31,3284.51,0.79,0.19,7.26,16.24,16.05,15.26,14.88,13.1,0.19,0.79,0.38
1906.85,3288.07,0.61,0.06,6.01,14.68,14.62,14.01,13.72,7.8,0.06,0.61,0.29
1668.8,3292.68,1.35,1.04,6.28,16.67,15.63,14.28,13.61,8.5,1.04,1.35,0.67
1399.52,3309.81,1.26,0.86,6.59,16.71,15.85,14.59,13.96,9.6,0.86,1.26,0.63
779.87,3338.71,0.84,0.18,7.94,16.96,16.78,15.94,15.56,12.9,0.18,0.84,0.38
1601.41,3339.87,0.85,0.31,7.11,16.27,15.96,15.11,14.73,9,0.31,0.85,0.38
1916.53,3353.28,0.67,0.1,5.67,14.44,14.34,13.67,13.34,8.2,0.1,0.67,0.33
914.44,3363.44,0.62,0.05,5.07,13.74,13.69,13.07,12.8,12.3,0.05,0.62,0.27
379.82,3365.5,1.03,0.87,4.87,14.77,13.9,12.87,12.4,15.4,0.87,1.03,0.47
1303.74,3378.23,0.84,0.2,7.2,16.24,16.04,15.2,14.8,10.4,0.2,0.84,0.4
1516.32,3393.83,0.25,0.14,3.99,12.38,12.24,11.99,11.93,9.6,0.14,0.25,0.06
987.13,3404.11,1.19,0.72,6.28,16.19,15.47,14.28,13.67,12.1,0.72,1.19,0.61
499.1,3412.53,0.75,0.19,6.25,15.19,15,14.25,13.9,14.9,0.19,0.75,0.35
1546.9,3419.28,0.48,0.26,6.09,14.83,14.57,14.09,13.86,9.7,0.26,0.48,0.23
699.82,3421.36,0.82,0.51,7.94,17.27,16.76,15.94,15.61,13.8,0.51,0.82,0.33
60.66,3426.21,0.79,0.17,6.47,15.43,15.26,14.47,14.07,17.6,0.17,0.79,0.4
1737.23,3429.5,0.61,0.23,7.81,16.65,16.42,15.81,15.51,9.1,0.23,0.61,0.3
1196.78,3430.1,0.57,0.17,5.34,14.08,13.91,13.34,13.1,11.2,0.17,0.57,0.24
1230.98,3462.24,0.3,0.08,3.46,11.84,11.76,11.46,11.41,11.2,0.08,0.3,0.05
562.97,3471.74,0.58,0.22,7.12,15.92,15.7,15.12,14.94,14.7,0.22,0.58,0.18
1676.5,3475.06,0.35,0.16,6.06,14.57,14.41,14.06,13.94,9.6,0.16,0.35,0.12
1317.05,3475.86,0.75,0.2,6.87,15.82,15.62,14.87,14.49,10.9,0.2,0.75,0.38
319.77,3476.3,1.04,0.7,7.81,17.55,16.85,15.81,15.37,16.2,0.7,1.04,0.44
793.14,3476.85,0.92,0.78,7.97,17.67,16.89,15.97,15.41,13.5,0.78,0.92,0.56
1269.43,3477.81,1.13,0.75,7.69,17.57,16.82,15.69,15.16,11.1,0.75,1.13,0.53
366.15,3484.13,0.79,0.51,7.47,16.77,16.26,15.47,15.02,15.9,0.51,0.79,0.45
1356.42,3494.7,0.57,0.21,5.94,14.72,14.51,13.94,13.68,10.9,0.21,0.57,0.26
1737.96,3513.36,0.43,0.13,4.82,13.38,13.25,12.82,12.65,9.7,0.13,0.43,0.17
698.03,3513.82,1.36,0.93,7.05,17.34,16.41,15.05,14.31,14.2,0.93,1.36,0.74
423.07,3514.88,0.6,0.3,5.32,14.22,13.92,13.32,13.04,15.7,0.3,0.6,0.28
1608.37,3518.08,0.68,0.12,5.94,14.74,14.62,13.94,13.62,10.1,0.12,0.68,0.32
1098.86,3532.83,0.65,0.37,7.68,16.7,16.33,15.68,15.37,12.2,0.37,0.65,0.31
1470.73,3548.48,0.81,0.25,6.64,15.7,15.45,14.64,14.23,10.7,0.25,0.81,0.41
1679.03,3549.81,0.67,0.23,7.83,16.73,16.5,15.83,15.38,10.1,0.23,0.67,0.45
1153.42,3558.84,0.4,0.23,4.94,13.57,13.34,12.94,12.83,12.1,0.23,0.4,0.11
1597.42,3603.28,0.65,0.08,5.66,14.39,14.31,13.66,13.36,10.7,0.08,0.65,0.3
1359.75,3604.67,0.19,0,3.43,11.62,11.62,11.43,11.42,11.5,0,0.19,0.01
737,3609.02,0.56,0.21,7.44,16.21,16,15.44,15.26,14.4,0.21,0.56,0.18
452.8,3616.39,0.74,0.35,7.72,16.81,16.46,15.72,15.28,16,0.35,0.74,0.44
1537.88,3617.05,0.29,0.19,4.02,12.5,12.31,12.02,12,10.9,0.19,0.29,0.02
955.54,3620.4,0.92,0.43,7.42,16.77,16.34,15.42,14.99,13.4,0.43,0.92,0.43
245.89,3626.84,0.84,0.26,6.82,15.92,15.66,14.82,14.37,17.2,0.26,0.84,0.45
1291.28,3627.58,0.85,0.36,6.59,15.8,15.44,14.59,14.12,11.9,0.36,0.85,0.47
614.34,3628.02,0.78,0.26,6.66,15.7,15.44,14.66,14.26,15.1,0.26,0.78,0.4
866.97,3638.08,1.36,1.35,3.38,14.09,12.74,11.38,10.69,13.9,1.35,1.36,0.69
1424.7,3638.15,0.95,0.32,7.72,16.99,16.67,15.72,15.12,11.5,0.32,0.95,0.6
1730.47,3639.81,1.36,1.23,7.31,17.9,16.67,15.31,14.68,10.5,1.23,1.36,0.63
739.63,3645.99,1.81,1.75,6.86,18.42,16.67,14.86,13.95,14.6,1.75,1.81,0.91
1689.52,3658.77,0.76,0.21,7.43,16.4,16.19,15.43,15.1,10.8,0.21,0.76,0.33
1169.53,3659.56,1.29,0.94,7.93,18.16,17.22,15.93,15.21,12.6,0.94,1.29,0.72
1908.28,3666.04,1,0.21,7.9,17.11,16.9,15.9,15.48,10.4,0.21,1,0.42
1040.84,3667.31,0.69,0.16,5.91,14.76,14.6,13.91,13.56,13.2,0.16,0.69,0.35
913.04,3694.54,0.72,0.28,5.92,14.92,14.64,13.92,13.56,13.9,0.28,0.72,0.36
1761.93,3698.25,0.81,0.22,7.79,16.82,16.6,15.79,15.44,10.9,0.22,0.81,0.35
639.89,3701.99,0.64,0.08,4.07,12.79,12.71,12.07,11.83,15.4,0.08,0.64,0.24
522.78,3726.11,0.88,0.49,7.85,17.22,16.73,15.85,15.37,16.1,0.49,0.88,0.48
615.17,3738.28,0.83,0.63,7.97,17.43,16.8,15.97,15.4,15.7,0.63,0.83,0.57
1218.09,3740.88,0.99,0.39,7.64,17.02,16.63,15.64,15.17,12.9,0.39,0.99,0.47
1441.45,3741.09,0.77,0.27,7.17,16.21,15.94,15.17,14.79,12,0.27,0.77,0.38
630.1,3767.81,0.64,0.12,5.84,14.6,14.48,13.84,13.52,15.7,0.12,0.64,0.32
1250.22,3781.93,0.92,0.43,7.61,16.96,16.53,15.61,15.11,13,0.43,0.92,0.5
396.85,3785.53,1.3,0.84,7.26,17.4,16.56,15.26,14.56,17,0.84,1.3,0.7
1464.21,3791.14,0.76,0.22,5.95,14.93,14.71,13.95,13.58,12.3,0.22,0.76,0.37
1809.6,3797.48,0.85,0.32,7.33,16.5,16.18,15.33,14.9,11.4,0.32,0.85,0.43
1434.57,3797.73,0.8,0.07,7.61,16.48,16.41,15.61,15.14,12.4,0.07,0.8,0.47
1682.85,3807.58,1.02,0.3,7.74,17.06,16.76,15.74,15.28,11.8,0.3,1.02,0.46
444.25,3822.05,0.59,0.33,6.06,14.98,14.65,14.06,13.8,17,0.33,0.59,0.26
35.97,3823.99,0.98,0.36,6.89,16.23,15.87,14.89,14.42,19.2,0.36,0.98,0.47
945.67,3828.89,0.67,0.13,6.04,14.84,14.71,14.04,13.73,14.5,0.13,0.67,0.31
1776.76,3857.47,0.41,0.17,6.82,15.4,15.23,14.82,14.65,11.9,0.17,0.41,0.17
1557.42,3861.68,1.11,0.67,7.9,17.68,17.01,15.9,15.27,12.5,0.67,1.11,0.63
59.1,3871.09,1.29,0.92,5.56,15.77,14.85,13.56,12.94,19.3,0.92,1.29,0.62
882.28,3871.81,0.62,0.12,2.71,11.45,11.33,10.71,10.39,15,0.12,0.62,0.32
1859.59,3875.65,0.56,0.26,6.12,14.94,14.68,14.12,13.9,11.9,0.26,0.56,0.22
1968.63,3878.91,0.63,0.19,5.25,14.07,13.88,13.25,12.98,11.7,0.19,0.63,0.27
287.96,3884.38,0.7,0.16,5.3,14.16,14,13.3,12.98,18.1,0.16,0.7,0.32
1178.17,3889.01,0.59,0.41,6.19,15.19,14.78,14.19,13.93,13.9,0.41,0.59,0.26
1834.7,3893.4,0.48,0.21,6.62,15.31,15.1,14.62,14.42,12,0.21,0.48,0.2
67.9,3909.05,0.85,0.08,7.91,16.84,16.76,15.91,15.52,19.4,0.08,0.85,0.39
76.75,3909.1,0.74,0.34,7.97,17.05,16.71,15.97,15.68,19.4,0.34,0.74,0.29
1685.66,3925.27,0.77,0.18,6,14.95,14.77,14,13.63,12.6,0.18,0.77,0.37
1984.18,3928.07,0.77,0.22,6.66,15.65,15.43,14.66,14.29,12.1,0.22,0.77,0.37
935.88,3930.47,1.14,0.94,7.91,17.99,17.05,15.91,15.31,15.1,0.94,1.14,0.6
381.02,3939.41,0.68,0.39,7.12,16.19,15.8,15.12,14.76,17.8,0.39,0.68,0.36
1654.92,3944.1,0.62,0.19,4.95,13.76,13.57,12.95,12.68,12.7,0.19,0.62,0.27
1217.92,3954.73,0.47,0.17,7.03,15.67,15.5,15.03,14.79,14.1,0.17,0.47,0.24
1683.58,3959.05,0.89,0.25,6.74,15.88,15.63,14.74,14.31,12.8,0.25,0.89,0.43
1040.79,3962.23,0.79,0.17,7.69,16.65,16.48,15.69,15.29,14.9,0.17,0.79,0.4
1321.58,3972.03,1.24,0.77,5.98,15.99,15.22,13.98,13.35,13.9,0.77,1.24,0.63
897.2,3977.25,0.87,0.3,5.52,14.69,14.39,13.52,13.1,15.5,0.3,0.87,0.42
1363.33,3983.52,0.85,0.14,6.59,15.58,15.44,14.59,14.18,13.8,0.14,0.85,0.41
3873.26,21.32,1.2,1.01,7.2,17.41,16.4,15.2,14.55,19.5,1.01,1.2,0.65
2520.66,30.66,0.69,0.05,6.37,15.11,15.06,14.37,14.07,15.8,0.05,0.69,0.3
3852.14,31.35,0.67,0.23,7.38,16.28,16.05,15.38,14.99,19.4,0.23,0.67,0.39
3658.06,37.8,1.99,1.97,3.99,15.95,13.98,11.99,10.7,18.6,1.97,1.99,1.29
3340.95,54.29,1.65,1.69,5.06,16.4,14.71,13.06,12.2,17.3,1.69,1.65,0.86
3403.58,58.77,0.76,0.21,6.04,15.01,14.8,14.04,13.65,17.5,0.21,0.76,0.39
3107.38,61.43,1.42,0.76,7.38,17.56,16.8,15.38,14.76,16.6,0.76,1.42,0.62
3145,70.76,1.31,0.96,5.82,16.09,15.13,13.82,13.17,16.7,0.96,1.31,0.65
3423.35,82.06,0.78,0.26,6.94,15.98,15.72,14.94,14.56,17.4,0.26,0.78,0.38
2992.3,101.81,0.49,0.18,7,15.67,15.49,15,14.74,16.1,0.18,0.49,0.26
3439.59,107.42,0.75,0.05,6.79,15.59,15.54,14.79,14.44,17.3,0.05,0.75,0.35
2121.37,121.24,0.94,0.22,7.39,16.55,16.33,15.39,14.94,15.1,0.22,0.94,0.45
3062.8,136.18,0.73,0.17,6.79,15.69,15.52,14.79,14.4,16,0.17,0.73,0.39
3244.66,138.4,0.42,0.2,6.21,14.83,14.63,14.21,14.02,16.5,0.2,0.42,0.19
2448.29,145.36,1.17,0.97,5.7,15.84,14.87,13.7,13.14,14.9,0.97,1.17,0.56
3597.83,157.02,0.88,0.16,7.64,16.68,16.52,15.64,15.2,17.6,0.16,0.88,0.44
3946.63,159.45,0.74,0.14,6.62,15.5,15.36,14.62,14.23,19.1,0.14,0.74,0.39
3890.31,163.2,0.73,0.3,7.47,16.5,16.2,15.47,15.06,18.8,0.3,0.73,0.41
3741.98,167.06,0.79,0.01,7.77,16.57,16.56,15.77,15.29,18.1,0.01,0.79,0.48
3620.52,180.96,0.55,0.03,5.74,14.32,14.29,13.74,13.45,17.6,0.03,0.55,0.29
3245.4,188.73,0.55,0.17,7.91,16.63,16.46,15.91,15.68,16.2,0.17,0.55,0.23
2754.57,189.93,0.79,0.2,6.56,15.55,15.35,14.56,14.12,15,0.2,0.79,0.44
3310.02,189.94,0.54,0.05,4.7,13.29,13.24,12.7,12.45,16.4,0.05,0.54,0.25
2631.54,193.2,0,-0.28,2.05,9.77,10.05,10.05,10.05,14.8,-0.28,0,0
3182.28,200.43,0.86,0.36,7.57,16.79,16.43,15.57,15.09,15.9,0.36,0.86,0.48
2455.46,204.49,0.46,0.05,5.16,13.67,13.62,13.16,12.94,14.5,0.05,0.46,0.22
2803.53,220.11,0.55,0.34,7.17,16.06,15.72,15.17,14.91,14.9,0.34,0.55,0.26
3130.25,220.53,0.61,0.04,6.95,15.6,15.56,14.95,14.6,15.6,0.04,0.61,0.35
2975.86,223.71,0.58,0.23,8,16.81,16.58,16,15.83,15.2,0.23,0.58,0.17
3164.24,231.24,0.9,0.68,7.99,17.57,16.89,15.99,15.45,15.7,0.68,0.9,0.54
2172.62,243.84,1.09,0.61,6.34,16.04,15.43,14.34,13.82,14.2,0.61,1.09,0.52
2070.99,244.83,0.43,0.2,5.86,14.49,14.29,13.86,13.66,14.2,0.2,0.43,0.2
2592.06,250.01,0.62,0.17,7.96,16.75,16.58,15.96,15.69,14.3,0.17,0.62,0.27
3769.51,251.77,0.66,0.12,7.33,16.11,15.99,15.33,14.97,17.8,0.12,0.66,0.36
2236.11,255.53,1,0.7,7.1,16.8,16.1,15.1,14.59,14.1,0.7,1,0.51
3930.25,268.69,0.96,0.74,7.17,16.87,16.13,15.17,14.66,18.4,0.74,0.96,0.51
2728.89,270.65,0.09,-0.21,1.9,9.78,9.99,9.9,9.94,14.4,-0.21,0.09,-0.04
3473.8,274.58,0.54,0.29,4.96,13.79,13.5,12.96,12.69,16.4,0.29,0.54,0.27
3805.42,279.03,0.91,-0.19,7.79,16.51,16.7,15.79,15.44,17.8,-0.19,0.91,0.35
2133.58,279.28,1.12,0.68,7.72,17.52,16.84,15.72,15.07,13.9,0.68,1.12,0.65
3812.29,286.96,0.75,0.11,7.58,16.44,16.33,15.58,15.18,17.8,0.11,0.75,0.4
2923.01,317.41,0.58,0.39,7.66,16.63,16.24,15.66,15.31,14.5,0.39,0.58,0.35
2866.6,324,1.41,0.94,7.14,17.49,16.55,15.14,14.43,14.3,0.94,1.41,0.71
3196.81,354.89,0.89,0.34,7.95,17.18,16.84,15.95,15.47,15,0.34,0.89,0.48
2118.88,362.62,1.36,1.11,6.98,17.45,16.34,14.98,14.27,13.3,1.11,1.36,0.71
3526.43,370.05,0.69,0.17,4.97,13.83,13.66,12.97,12.65,16.1,0.17,0.69,0.32
2857.27,377.68,1.22,0.47,7.93,17.62,17.15,15.93,15.28,13.9,0.47,1.22,0.65
3246.25,392.54,0.55,0.06,5.32,13.93,13.87,13.32,13.06,14.9,0.06,0.55,0.26
3645.33,406.97,1.27,0.9,7.54,17.71,16.81,15.54,14.87,16.4,0.9,1.27,0.67
3012.4,407.49,0.41,-0.01,5.98,14.38,14.39,13.98,13.81,14.1,-0.01,0.41,0.17
2234.63,417.42,0.45,0.03,7.02,15.5,15.47,15.02,14.83,12.9,0.03,0.45,0.19
2825.97,428.45,0.85,0.41,7.54,16.8,16.39,15.54,15.04,13.5,0.41,0.85,0.5
2011.31,450.87,1.24,0.68,6.9,16.82,16.14,14.9,14.23,12.8,0.68,1.24,0.67
3539.89,456.7,0.81,0.09,7.57,16.47,16.38,15.57,15.19,15.6,0.09,0.81,0.38
2449.44,463.51,0.49,0.18,5.39,14.06,13.88,13.39,13.18,12.7,0.18,0.49,0.21
2978.02,464.93,1.26,0.91,7.27,17.44,16.53,15.27,14.55,13.6,0.91,1.26,0.72
2104.31,465.76,1.15,1.12,7.24,17.51,16.39,15.24,14.65,12.6,1.12,1.15,0.59
3161.53,479.96,0.79,0.02,7.33,16.14,16.12,15.33,14.96,14.1,0.02,0.79,0.37
2307.23,482.58,1.27,0.64,7.22,17.13,16.49,15.22,14.52,12.5,0.64,1.27,0.7
3073.47,487.21,0.49,0.15,7.86,16.5,16.35,15.86,15.57,13.8,0.15,0.49,0.29
3296.21,488.33,1.26,0.82,5.99,16.07,15.25,13.99,13.35,14.5,0.82,1.26,0.64
3003.04,491.75,0.66,0.12,6.31,15.09,14.97,14.31,13.95,13.5,0.12,0.66,0.36
3051.87,503.79,0.67,0.04,6.51,15.22,15.18,14.51,14.2,13.6,0.04,0.67,0.31
3596.18,504.25,0.81,0.05,7.91,16.77,16.72,15.91,15.47,15.6,0.05,0.81,0.44
2431.02,506.72,0.46,0.62,7.72,16.8,16.18,15.72,15.47,12.4,0.62,0.46,0.25
3537.51,532.32,0.73,0.17,7.42,16.32,16.15,15.42,14.99,15.2,0.17,0.73,0.43
2228.3,548.74,0.58,0.12,5.47,14.17,14.05,13.47,13.19,12,0.12,0.58,0.28
3787.26,558.04,0.79,0.42,7.31,16.52,16.1,15.31,14.89,16.2,0.42,0.79,0.42
2028.85,558.97,1.35,0.96,7.58,17.89,16.93,15.58,14.85,12,0.96,1.35,0.73
3560.38,560.53,0.4,0.2,4.93,13.53,13.33,12.93,12.78,15.1,0.2,0.4,0.15
2739.71,566.16,1.29,0.84,7.29,17.42,16.58,15.29,14.54,12.4,0.84,1.29,0.75
2427.03,577.26,0.6,0.1,5.6,14.3,14.2,13.6,13.3,11.9,0.1,0.6,0.3
3977.44,587.4,0.69,0.09,7.67,16.45,16.36,15.67,15.2,17,0.09,0.69,0.47
3516.73,591.85,0.45,0.1,5.05,13.6,13.5,13.05,12.85,14.8,0.1,0.45,0.2
3042.09,600.8,0.89,0.43,7.51,16.83,16.4,15.51,15.1,12.9,0.43,0.89,0.41
2455.9,603.56,0.23,-0.02,3.09,11.3,11.32,11.09,11.05,11.7,-0.02,0.23,0.04
3973.92,609.3,0.8,0.09,7.8,16.69,16.6,15.8,15.39,16.9,0.09,0.8,0.41
2081.45,609.38,0.84,0.19,7.1,16.13,15.94,15.1,14.74,11.6,0.19,0.84,0.36
3175.35,614.49,0.8,0.25,7.11,16.16,15.91,15.11,14.71,13.3,0.25,0.8,0.4
2080.67,616.71,0.86,0.19,7.08,16.13,15.94,15.08,14.74,11.6,0.19,0.86,0.34
2749.52,620.06,1.38,1.02,6.7,17.1,16.08,14.7,14.01,12,1.02,1.38,0.69
3504.88,646.2,0.47,0.12,7.72,16.31,16.19,15.72,15.51,14.4,0.12,0.47,0.21
3377.07,650.7,0.59,0.32,7.66,16.57,16.25,15.66,15.48,13.8,0.32,0.59,0.18
3288.07,672.62,0.34,-0.09,6.75,15,15.09,14.75,14.61,13.4,-0.09,0.34,0.14
3289.5,681.24,0.36,-0.09,6.73,15,15.09,14.73,14.57,13.3,-0.09,0.36,0.16
2298.08,687.14,0.72,0.32,7.84,16.88,16.56,15.84,15.43,11,0.32,0.72,0.41
2815.36,712.39,0.39,0.11,5.35,13.85,13.74,13.35,13.18,11.6,0.11,0.39,0.17
3293.7,715.68,0.76,0.19,6.04,14.99,14.8,14.04,13.66,13.1,0.19,0.76,0.38
2254.28,716.38,0.81,0.21,7.39,16.41,16.2,15.39,14.96,10.8,0.21,0.81,0.43
3728.1,734.46,0.88,0.16,7.57,16.61,16.45,15.57,15.1,15,0.16,0.88,0.47
3923.73,736.15,1.32,0.89,7.05,17.26,16.37,15.05,14.37,16,0.89,1.32,0.68
3602.28,739.84,0.38,0.16,4.78,13.32,13.16,12.78,12.66,14.4,0.16,0.38,0.12
3144.1,741.48,0.71,0.07,6.97,15.75,15.68,14.97,14.61,12.4,0.07,0.71,0.36
2473.32,747.81,0.41,0.2,5.32,13.93,13.73,13.32,13.18,10.7,0.2,0.41,0.14
3416.09,757.36,0.74,0.1,6.69,15.53,15.43,14.69,14.31,13.4,0.1,0.74,0.38
2098.88,769.14,0.5,0.18,5.01,13.69,13.51,13.01,12.8,10.5,0.18,0.5,0.21
3085.88,773.33,1.4,0.75,7.73,17.88,17.13,15.73,15,12,0.75,1.4,0.73
3882.56,790.34,0.65,0.34,6.76,15.75,15.41,14.76,14.41,15.5,0.34,0.65,0.35
2954.1,809.42,0.96,0.6,7.15,16.71,16.11,15.15,14.69,11.3,0.6,0.96,0.46
3376.86,810.72,0.87,0.27,7.17,16.31,16.04,15.17,14.68,12.9,0.27,0.87,0.49
2540.56,813.85,1.02,0.62,7.64,17.28,16.66,15.64,14.98,10.3,0.62,1.02,0.66
2704.19,817.47,0.89,0.33,7.82,17.04,16.71,15.82,15.37,10.6,0.33,0.89,0.45
3930.29,821.4,0.08,-0.35,2.06,9.79,10.14,10.06,10.06,15.6,-0.35,0.08,0
3367.67,836.24,1.25,0.96,4.69,14.9,13.94,12.69,12.05,12.8,0.96,1.25,0.64
2947.76,846.63,0.79,0.04,7.92,16.75,16.71,15.92,15.52,11.1,0.04,0.79,0.4
2646.74,848.17,0.54,0.18,5.14,13.86,13.68,13.14,12.9,10.3,0.18,0.54,0.24
3744.31,848.38,1.45,0.41,7.88,17.74,17.33,15.88,15.24,14.5,0.41,1.45,0.64
2410.25,859.42,0.85,0.34,7.44,16.63,16.29,15.44,15,9.9,0.34,0.85,0.44
2300.11,861.66,0.66,0.13,6.21,15,14.87,14.21,13.89,9.8,0.13,0.66,0.32
3738.75,870.01,1.31,1.15,5.93,16.39,15.24,13.93,13.24,14.4,1.15,1.31,0.69
3598.33,871.63,0.98,0.44,7.92,17.34,16.9,15.92,15.38,13.7,0.44,0.98,0.54
3840.19,880.08,0.53,0.36,7.45,16.34,15.98,15.45,15.23,14.9,0.36,0.53,0.22
2427.73,884.72,0.66,0.32,7.26,16.24,15.92,15.26,14.89,9.7,0.32,0.66,0.37
2471.37,893.05,0.57,0.18,5.41,14.16,13.98,13.41,13.14,9.7,0.18,0.57,0.27
3967.26,914.7,0.47,0.28,6.29,15.04,14.76,14.29,14.12,15.4,0.28,0.47,0.17
2672.82,925.97,0.78,0.17,7.2,16.15,15.98,15.2,14.83,9.8,0.17,0.78,0.37
3486.23,935.27,0.37,-0.09,6.26,14.54,14.63,14.26,14.09,12.8,-0.09,0.37,0.17
3211.8,948.65,0.73,0.14,6.6,15.47,15.33,14.6,14.23,11.5,0.14,0.73,0.37
2598.11,950.06,0.44,0.13,7.84,16.41,16.28,15.84,15.71,9.5,0.13,0.44,0.13
2002.99,967.29,0.82,0.32,7.94,17.08,16.76,15.94,15.48,9.2,0.32,0.82,0.46
3513.8,975.73,0.33,-0.06,6.06,14.33,14.39,14.06,13.87,12.7,-0.06,0.33,0.19
3182.97,982.03,0.45,0.09,7.66,16.2,16.11,15.66,15.57,11.1,0.09,0.45,0.09
2714.54,1002.28,0.56,0.31,7.35,16.22,15.91,15.35,15.17,9.4,0.31,0.56,0.18
3763.29,1005.59,0.74,0.24,7.73,16.71,16.47,15.73,15.32,13.9,0.24,0.74,0.41
2570.34,1013.57,0.47,0.28,7.17,15.92,15.64,15.17,14.97,9,0.28,0.47,0.2
2126.42,1022.1,0.92,0.31,8,17.23,16.92,16,15.59,8.7,0.31,0.92,0.41
3117.34,1023.65,0.84,0.18,7.27,16.29,16.11,15.27,14.85,10.6,0.18,0.84,0.42
2028.07,1031.21,0.52,0.12,5.22,13.86,13.74,13.22,12.99,8.7,0.12,0.52,0.23
3564.75,1034.15,0.53,0.03,3.78,12.34,12.31,11.78,11.51,12.7,0.03,0.53,0.27
2335.12,1057.31,0.63,0.16,6.41,15.2,15.04,14.41,14.12,8.4,0.16,0.63,0.29
2036.81,1081.19,1.78,1.86,5.96,17.6,15.74,13.96,13.05,8.4,1.86,1.78,0.91
2322.29,1095.07,1.32,1.06,6.43,16.81,15.75,14.43,13.74,8.2,1.06,1.32,0.69
2221.56,1110.92,0.7,0.47,7.53,16.7,16.23,15.53,15.19,8,0.47,0.7,0.34
2832.14,1117.32,0.12,-0.19,2.02,9.95,10.14,10.02,9.98,9,-0.19,0.12,0.04
2832.18,1117.32,0.12,-0.19,2.02,9.95,10.14,10.02,9.98,9,-0.19,0.12,0.04
2337.36,1119.35,0.78,0.2,5.99,14.97,14.77,13.99,13.61,8,0.2,0.78,0.38
3784.07,1120.53,0.83,0.18,6.67,15.68,15.5,14.67,14.24,13.5,0.18,0.83,0.43
2622.08,1134.13,0.95,0.29,7.24,16.48,16.19,15.24,14.73,8.3,0.29,0.95,0.51
2290.33,1142.22,0.85,0.21,6.56,15.62,15.41,14.56,14.13,7.8,0.21,0.85,0.43
2704.57,1149.92,0.81,0.22,6.86,15.89,15.67,14.86,14.51,8.4,0.22,0.81,0.35
3008.24,1152.57,0.46,0.25,7.94,16.65,16.4,15.94,15.72,9.4,0.25,0.46,0.22
2402.25,1153.2,1.12,0.92,7.28,17.32,16.4,15.28,14.67,7.8,0.92,1.12,0.61
3222.24,1163.23,0.87,0.45,7.38,16.7,16.25,15.38,14.92,10.3,0.45,0.87,0.46
2601.58,1167.43,0.65,0.3,5.98,14.93,14.63,13.98,13.66,8,0.3,0.65,0.32
3088.5,1172.79,0.59,0.29,6.14,15.02,14.73,14.14,13.87,9.7,0.29,0.59,0.27
3088.5,1172.84,0.59,0.29,6.14,15.02,14.73,14.14,13.87,9.7,0.29,0.59,0.27
3627.62,1176.5,0.83,0.29,7.79,16.91,16.62,15.79,15.33,12.4,0.29,0.83,0.46
2133.31,1185.21,0.9,0.62,7.91,17.43,16.81,15.91,15.47,7.5,0.62,0.9,0.44
2999.51,1185.67,0.54,0.21,7.17,15.92,15.71,15.17,14.95,9.2,0.21,0.54,0.22
3456.46,1192.64,0.77,0.16,7.63,16.56,16.4,15.63,15.23,11.4,0.16,0.77,0.4
3752.73,1198.03,1.3,1.06,6.95,17.31,16.25,14.95,14.28,13,1.06,1.3,0.67
3665.76,1199.43,0.95,0.32,7.39,16.66,16.34,15.39,14.85,12.5,0.32,0.95,0.54
3153.93,1217.88,1.18,0.78,7.64,17.6,16.82,15.64,14.99,9.7,0.78,1.18,0.65
3597.17,1218.55,1.25,0.75,7.43,17.43,16.68,15.43,14.73,12,0.75,1.25,0.7
3317.54,1225.62,0.59,0.38,7.55,16.52,16.14,15.55,15.29,10.5,0.38,0.59,0.26
2328.44,1230.58,0.82,0.18,6.74,15.74,15.56,14.74,14.29,7.2,0.18,0.82,0.45
2166.06,1244.44,0.81,0.27,6.36,15.44,15.17,14.36,13.92,7.1,0.27,0.81,0.44
2868.03,1254.13,1.36,1.21,3.05,13.62,12.41,11.05,10.36,8.3,1.21,1.36,0.69
2983.14,1257.59,0.67,0.26,7.46,16.39,16.13,15.46,15.1,8.7,0.26,0.67,0.36
2687.59,1258.26,0.91,0.23,7.84,16.98,16.75,15.84,15.47,7.7,0.23,0.91,0.37
2121.17,1261.99,0.69,0.3,7.08,16.07,15.77,15.08,14.79,7,0.3,0.69,0.29
2945.05,1262.95,0.5,0.16,5.14,13.8,13.64,13.14,12.92,8.5,0.16,0.5,0.22
2220.26,1262.97,0.86,0.6,7.35,16.81,16.21,15.35,14.83,6.9,0.6,0.86,0.52
2709.58,1263.17,0.7,0.23,7.57,16.5,16.27,15.57,15.26,7.7,0.23,0.7,0.31
3377,1267.55,0.56,0.36,7.51,16.43,16.07,15.51,15.12,10.6,0.36,0.56,0.39
3366.52,1271.22,0.77,0.12,7.09,15.98,15.86,15.09,14.7,10.5,0.12,0.77,0.39
2773.42,1272.93,0.92,0.3,6.9,16.12,15.82,14.9,14.41,7.8,0.3,0.92,0.49
3630.04,1281.85,1.34,0.92,7.76,18.02,17.1,15.76,15.05,12,0.92,1.34,0.71
2551.91,1292.24,0.64,0.13,5.84,14.61,14.48,13.84,13.53,7.1,0.13,0.64,0.31
2130.88,1304.68,0.54,0.14,5.18,13.86,13.72,13.18,12.94,6.7,0.14,0.54,0.24
2708.08,1319.31,0.18,-0.17,2.17,10.18,10.35,10.17,10.13,7.3,-0.17,0.18,0.04
2505.66,1327.47,0.16,-0.13,2.45,10.48,10.61,10.45,10.4,6.7,-0.13,0.16,0.05
2069,1331.35,0.21,-0.01,2.58,10.78,10.79,10.58,10.58,6.6,-0.01,0.21,0
2907.31,1340.39,0.96,0.66,6.98,16.6,15.94,14.98,14.54,7.9,0.66,0.96,0.44
2004.61,1345.88,0.13,-0.12,2.69,10.7,10.82,10.69,10.62,6.6,-0.12,0.13,0.07
3727.82,1352.66,0.41,0.19,5.59,14.19,14,13.59,13.44,12.3,0.19,0.41,0.15
3133.67,1353.15,0.64,0.09,6.02,14.75,14.66,14.02,13.69,8.9,0.09,0.64,0.33
3087.02,1355.53,0.87,0.03,7.8,16.7,16.67,15.8,15.41,8.7,0.03,0.87,0.39
3828.89,1376.05,0.99,0.99,7.43,17.41,16.42,15.43,14.93,12.8,0.99,0.99,0.5
2379.56,1396.19,0.45,0.18,4.74,13.37,13.19,12.74,12.57,6.1,0.18,0.45,0.17
2458.17,1399.66,0.6,0.31,6.96,15.87,15.56,14.96,14.71,6.2,0.31,0.6,0.25
2654.44,1400.93,0.51,0.08,7.77,16.36,16.28,15.77,15.52,6.6,0.08,0.51,0.25
3051.99,1401.32,0.67,0.38,7.79,16.84,16.46,15.79,15.44,8.3,0.38,0.67,0.35
2097.7,1401.51,0.74,0.23,6.63,15.6,15.37,14.63,14.27,6,0.23,0.74,0.36
2727.83,1402.77,0.62,0.46,7.93,17.01,16.55,15.93,15.62,6.9,0.46,0.62,0.31
2139.02,1405.12,1.34,1.07,6.04,16.45,15.38,14.04,13.36,6,1.07,1.34,0.68
2428.52,1417.14,0.63,0,5.48,14.11,14.11,13.48,13.19,6,0,0.63,0.29
3829.23,1425.36,0.66,0.36,7.45,16.47,16.11,15.45,15.16,12.6,0.36,0.66,0.29
2008.85,1428.62,1.04,0.41,7.46,16.91,16.5,15.46,14.97,6,0.41,1.04,0.49
3297.85,1438.72,0.41,0.18,4.5,13.09,12.91,12.5,12.36,9.4,0.18,0.41,0.14
2293.53,1450.24,0.34,-0.22,5.8,13.92,14.14,13.8,13.64,5.6,-0.22,0.34,0.16
2511.1,1453.14,0.45,0.19,5.27,13.91,13.72,13.27,13.07,5.9,0.19,0.45,0.2
3774.7,1457.66,0.46,0.11,5.02,13.59,13.48,13.02,12.83,12.2,0.11,0.46,0.19
2354.22,1457.82,0.6,0.17,5.56,14.33,14.16,13.56,13.26,5.6,0.17,0.6,0.3
3440.8,1464.93,0.5,0.2,7.24,15.94,15.74,15.24,14.99,10.1,0.2,0.5,0.25
2063.69,1466.19,0.45,0.19,4.49,13.13,12.94,12.49,12.32,5.6,0.19,0.45,0.17
2222.94,1468.34,1.59,0.8,7.55,17.94,17.14,15.55,14.77,5.5,0.8,1.59,0.78
3102.17,1471.43,0.77,0.21,6.38,15.36,15.15,14.38,14.03,8.2,0.21,0.77,0.35
3511.51,1475.83,0.36,0.11,4.15,12.62,12.51,12.15,12.1,10.5,0.11,0.36,0.05
3156.6,1478.9,0.51,0.1,5.18,13.79,13.69,13.18,12.98,8.4,0.1,0.51,0.2
2800.11,1484.05,0.27,0.04,3.02,11.33,11.29,11.02,10.95,6.7,0.04,0.27,0.07
2874.12,1511.22,1.31,0.92,7.87,18.1,17.18,15.87,15.1,6.8,0.92,1.31,0.77
3766.78,1526.13,0.63,0.02,3.84,12.49,12.47,11.84,11.57,11.9,0.02,0.63,0.27
2070.76,1549.3,0.21,-0.11,3.13,11.23,11.34,11.13,11.13,5.1,-0.11,0.21,0
2787,1551.36,0.89,0.52,3.9,13.31,12.79,11.9,11.36,6.2,0.52,0.89,0.54
2852.55,1553.78,0.84,0.19,7.73,16.76,16.57,15.73,15.4,6.5,0.19,0.84,0.33
2102.35,1557.85,1.38,0.49,7.83,17.7,17.21,15.83,15.18,5,0.49,1.38,0.65
2429.7,1565.77,0.76,0.2,6.26,15.22,15.02,14.26,13.88,5,0.2,0.76,0.38
2390.84,1576.95,0.9,0.25,7.65,16.8,16.55,15.65,15.13,4.8,0.25,0.9,0.52
2527.03,1579.94,0.62,0.29,7.58,16.49,16.2,15.58,15.28,5.1,0.29,0.62,0.3
2330.9,1591.12,0.8,0.24,6.96,16,15.76,14.96,14.56,4.7,0.24,0.8,0.4
3243.35,1592,0.59,0.06,4.83,13.48,13.42,12.83,12.58,8.5,0.06,0.59,0.25
3088.2,1595.83,0.44,0.16,4.82,13.42,13.26,12.82,12.67,7.5,0.16,0.44,0.15
2707.53,1597.84,0.75,0.27,7.53,16.55,16.28,15.53,15.21,5.6,0.27,0.75,0.32
2497.18,1610.25,0.3,0.07,3.63,12,11.93,11.63,11.54,4.8,0.07,0.3,0.09
3068.81,1610.94,0.77,0.09,7.97,16.83,16.74,15.97,15.55,7.4,0.09,0.77,0.42
3413.58,1628.94,0.59,0.26,7.4,16.25,15.99,15.4,15.1,9.4,0.26,0.59,0.3
3241.99,1632.88,0.45,0.26,6.74,15.45,15.19,14.74,14.56,8.3,0.26,0.45,0.18
3883.72,1638.7,0.37,0.18,4.5,13.05,12.87,12.5,12.38,12.4,0.18,0.37,0.12
2718.11,1639.27,1.44,1.1,5.7,16.24,15.14,13.7,12.98,5.4,1.1,1.44,0.72
3202.01,1641.57,0.63,0.29,7.65,16.57,16.28,15.65,15.29,8,0.29,0.63,0.36
3949.37,1646.03,0.46,0.26,7.67,16.39,16.13,15.67,15.47,12.8,0.26,0.46,0.2
2098.45,1652.69,0.37,0.18,4.57,13.12,12.94,12.57,12.47,4.3,0.18,0.37,0.1
2453.59,1658.69,0.45,0.07,6.52,15.04,14.97,14.52,14.31,4.4,0.07,0.45,0.21
2910.49,1673.7,0.66,0.06,6.11,14.83,14.77,14.11,13.81,6.2,0.06,0.66,0.3
2791.38,1674.52,0.66,0.08,5.83,14.57,14.49,13.83,13.52,5.6,0.08,0.66,0.31
3898.59,1679.23,0.72,0.16,6.84,15.72,15.56,14.84,14.45,12.4,0.16,0.72,0.39
3261.57,1685,0.4,0.15,4.58,13.13,12.98,12.58,12.43,8.2,0.15,0.4,0.15
2279.81,1697.84,1.41,1.4,0.58,11.39,9.99,8.58,7.95,3.9,1.4,1.41,0.63
2103.88,1697.92,0.17,-0.06,2.85,10.96,11.02,10.85,10.79,4,-0.06,0.17,0.06
2103.88,1697.92,0.17,-0.06,2.85,10.96,11.02,10.85,10.79,4,-0.06,0.17,0.06
2631.24,1697.94,1.23,0.83,6.24,16.3,15.47,14.24,13.6,4.7,0.83,1.23,0.64
2930.14,1699.76,0.73,0.16,6.86,15.75,15.59,14.86,14.48,6.2,0.16,0.73,0.38
3451.73,1703.62,0.89,0.34,2.74,11.97,11.63,10.74,10.31,9.4,0.34,0.89,0.43
2559.12,1710.66,0.26,0.05,3.56,11.87,11.82,11.56,11.49,4.4,0.05,0.26,0.07
2351.22,1713.63,0.9,0.36,6.8,16.06,15.7,14.8,14.34,3.8,0.36,0.9,0.46
3668.24,1715.95,0.94,0.42,7.77,17.13,16.71,15.77,15.35,10.8,0.42,0.94,0.42
3289.42,1716.25,0.83,0.15,7.5,16.48,16.33,15.5,15.08,8.3,0.15,0.83,0.42
2840.97,1722.37,0.98,0.5,7.89,17.37,16.87,15.89,15.36,5.6,0.5,0.98,0.53
2800.57,1727.6,0.27,0.08,3.3,11.65,11.57,11.3,11.2,5.4,0.08,0.27,0.1
2602.88,1730.71,0.57,0.2,7.46,16.23,16.03,15.46,15.2,4.4,0.2,0.57,0.26
2392.8,1734.46,1.35,0.8,7.42,17.57,16.77,15.42,14.73,3.8,0.8,1.35,0.69
2890.64,1735.48,0.83,0.23,7.97,17.03,16.8,15.97,15.57,5.8,0.23,0.83,0.4
3374.54,1746.36,1,0.53,5.24,14.77,14.24,13.24,12.76,8.8,0.53,1,0.48
2898.09,1749.55,0.76,0.15,7.62,16.53,16.38,15.62,15.19,5.8,0.15,0.76,0.43
3283.65,1760.99,0.92,0.26,7.38,16.56,16.3,15.38,15,8.1,0.26,0.92,0.38
3737.83,1766.34,0.49,0.17,6.55,15.21,15.04,14.55,14.35,11.1,0.17,0.49,0.2
2229.13,1766.49,0.9,0.46,6.12,15.48,15.02,14.12,13.68,3.4,0.46,0.9,0.44
2937.27,1767.53,0.17,-0.12,2.92,10.97,11.09,10.92,10.9,6,-0.12,0.17,0.02
2766.65,1767.96,0.59,0.36,7.12,16.07,15.71,15.12,14.83,5,0.36,0.59,0.29
2679.88,1769.69,0.48,0.24,6,14.72,14.48,14,13.79,4.6,0.24,0.48,0.21
3667.82,1772.08,0.51,0.08,7.56,16.15,16.07,15.56,15.33,10.6,0.08,0.51,0.23
3166.73,1773.64,1.03,0.62,6.88,16.53,15.91,14.88,14.39,7.3,0.62,1.03,0.49
3453.16,1781.57,0.99,0.32,7.98,17.29,16.97,15.98,15.42,9.2,0.32,0.99,0.56
3871.74,1791.47,0.54,0.22,7.48,16.24,16.02,15.48,15.26,12,0.22,0.54,0.22
3139.25,1798.35,0.5,0.13,5,13.63,13.5,13,12.82,7.1,0.13,0.5,0.18
2609.1,1804.87,0.6,0.31,7.6,16.51,16.2,15.6,15.33,4,0.31,0.6,0.27
3878.75,1823.17,0.5,0.26,7.93,16.69,16.43,15.93,15.68,12,0.26,0.5,0.25
2309.94,1825.6,1.26,0.51,7.38,17.15,16.64,15.38,14.74,3,0.51,1.26,0.64
2991.87,1828.74,0.68,0.08,6.21,14.97,14.89,14.21,13.9,6.1,0.08,0.68,0.31
2203.92,1835.22,0.5,0.4,7.67,16.57,16.17,15.67,15.32,2.9,0.4,0.5,0.35
3149.35,1841.41,0.23,0.07,3.75,12.05,11.98,11.75,11.74,7,0.07,0.23,0.01
2811.18,1843.02,0.5,0.24,6.17,14.91,14.67,14.17,13.92,4.9,0.24,0.5,0.25
2690.07,1846.71,0.63,0.19,6.19,15.01,14.82,14.19,13.84,4.2,0.19,0.63,0.35
2690.07,1846.71,0.63,0.19,6.19,15.01,14.82,14.19,13.84,4.2,0.19,0.63,0.35
2750.24,1848.1,0.7,0.34,6.72,15.76,15.42,14.72,14.39,4.6,0.34,0.7,0.33
2892.93,1855.91,0.77,0.23,6.93,15.93,15.7,14.93,14.52,5.4,0.23,0.77,0.41
3286.79,1857.42,0.94,0.26,7.99,17.19,16.93,15.99,15.53,7.9,0.26,0.94,0.46
2644.07,1865.36,0.2,-0.15,2.24,10.29,10.44,10.24,10.19,3.9,-0.15,0.2,0.05
2644.11,1865.36,0.2,-0.15,2.24,10.29,10.44,10.24,10.19,3.9,-0.15,0.2,0.05
2467.92,1869.23,0.81,0.16,6.82,15.79,15.63,14.82,14.44,3.1,0.16,0.81,0.38
2826.67,1873.49,0.74,0.17,6.4,15.31,15.14,14.4,14.02,4.9,0.17,0.74,0.38
2273.38,1875.25,0.34,0.16,4.12,12.62,12.46,12.12,11.97,2.6,0.16,0.34,0.15
3793.41,1888.33,0.35,-0.01,3.02,11.36,11.37,11.02,10.86,11.3,-0.01,0.35,0.16
2503.3,1889.59,0.38,0.21,3.57,12.16,11.95,11.57,11.43,3.1,0.21,0.38,0.14
2503.3,1889.59,0.38,0.21,3.57,12.16,11.95,11.57,11.43,3.1,0.21,0.38,0.14
2534.95,1895.03,0.74,0.14,6.55,15.43,15.29,14.55,14.2,3.2,0.14,0.74,0.35
2194.97,1903.1,1.11,0.4,8,17.51,17.11,16,15.39,2.4,0.4,1.11,0.61
2812.14,1906.24,0.47,0.21,6.6,15.28,15.07,14.6,14.4,4.7,0.21,0.47,0.2
2789.99,1906.29,0.79,0.35,7.95,17.09,16.74,15.95,15.52,4.5,0.35,0.79,0.43
2681.67,1908.52,0.38,0.18,4.24,12.8,12.62,12.24,12.11,3.9,0.18,0.38,0.13
2820.41,1930.74,0.8,0.27,6.47,15.54,15.27,14.47,14.03,4.6,0.27,0.8,0.44
2168.76,1932.65,0.84,0.29,7.67,16.8,16.51,15.67,15.21,2.3,0.29,0.84,0.46
2442.91,1943.05,0.49,0.22,5.56,14.27,14.05,13.56,13.35,2.6,0.22,0.49,0.21
2275.28,1948.52,0.67,0.33,7.98,16.98,16.65,15.98,15.66,2.1,0.33,0.67,0.32
2698.3,1950.13,0.13,-0.25,2.78,10.66,10.91,10.78,10.72,3.8,-0.25,0.13,0.06
3451.55,1953.72,0.66,0.02,6.96,15.64,15.62,14.96,14.66,8.8,0.02,0.66,0.3
2044.2,1953.8,0.8,0.61,7.84,17.25,16.64,15.84,15.31,2.5,0.61,0.8,0.53
3827.75,1957.17,0.83,0.14,6.87,15.84,15.7,14.87,14.44,11.4,0.14,0.83,0.43
3458.94,1962.21,0.58,0.3,7.42,16.3,16,15.42,15.31,8.8,0.3,0.58,0.11
3390.31,1967.71,0.91,0.39,7.76,17.06,16.67,15.76,15.33,8.4,0.39,0.91,0.43
2146.38,1969.45,0.78,0.24,6.78,15.8,15.56,14.78,14.39,2.1,0.24,0.78,0.39
3245.96,1974.15,0.89,0.13,7.52,16.54,16.41,15.52,15,7.4,0.13,0.89,0.52
2990.58,1974.34,0.26,0.06,3.47,11.79,11.73,11.47,11.42,5.6,0.06,0.26,0.05
2098.34,1975.49,0.65,0.35,6.34,15.34,14.99,14.34,14.03,2.2,0.35,0.65,0.31
2373.1,1976.65,0.79,0.24,7.4,16.43,16.19,15.4,14.96,2.1,0.24,0.79,0.44
2869.21,1981.05,0.09,-0.36,2.27,10,10.36,10.27,10.26,4.8,-0.36,0.09,0.01
3037.2,1993.24,0.28,0.08,3.84,12.2,12.12,11.84,11.81,5.9,0.08,0.28,0.03
2238.96,1993.83,0.95,0.84,7.3,17.09,16.25,15.3,14.61,1.8,0.84,0.95,0.69
3250.92,1994.44,1.02,1.09,7.11,17.22,16.13,15.11,14.55,7.4,1.09,1.02,0.56
2460.84,2005.43,0.33,0.17,4.24,12.74,12.57,12.24,12.14,2.3,0.17,0.33,0.1
2305.34,2022.92,0.87,0.37,7.33,16.57,16.2,15.33,14.87,1.6,0.37,0.87,0.46
2630.95,2024.25,0.66,0.41,7.61,16.68,16.27,15.61,15.26,3.2,0.41,0.66,0.35
2055.34,2034.31,0.25,0.1,3.78,12.13,12.03,11.78,11.72,2,0.1,0.25,0.06
3948.66,2036.86,0.65,0.1,7.61,16.36,16.26,15.61,15.27,12.2,0.1,0.65,0.34
2762.9,2040.21,0.91,0.25,7.77,16.93,16.68,15.77,15.3,4,0.25,0.91,0.47
3036.45,2041.51,0.51,0.2,4.97,13.68,13.48,12.97,12.76,5.8,0.2,0.51,0.21
3105.5,2042.86,1.05,0.85,5.93,15.83,14.98,13.93,13.4,6.3,0.85,1.05,0.53
3840.61,2051.5,0.6,0.27,6.89,15.76,15.49,14.89,14.6,11.4,0.27,0.6,0.29
2626.25,2057.06,1.31,0.91,4.84,15.06,14.15,12.84,12.19,3,0.91,1.31,0.65
3714.97,2058.17,1.21,0.79,5.38,15.38,14.59,13.38,12.81,10.5,0.79,1.21,0.57
2325.8,2074.17,0.74,0.16,5.2,14.1,13.94,13.2,12.84,1.3,0.16,0.74,0.36
3311.58,2082.57,0.23,0.08,3.99,12.3,12.22,11.99,11.95,7.7,0.08,0.23,0.04
3773.65,2088.62,0.64,0.16,7.57,16.37,16.21,15.57,15.18,10.9,0.16,0.64,0.39
3460.94,2094.55,0.54,0.22,7.32,16.08,15.86,15.32,15.05,8.7,0.22,0.54,0.27
3894.94,2097.38,1.3,0.65,7.45,17.4,16.75,15.45,14.78,11.7,0.65,1.3,0.67
2453.95,2098.49,0.84,0.19,6.73,15.76,15.57,14.73,14.31,1.8,0.19,0.84,0.42
2689.44,2104.41,0.27,0,3.38,11.65,11.65,11.38,11.32,3.3,0,0.27,0.06
2689.44,2104.41,0.27,0,3.38,11.65,11.65,11.38,11.32,3.3,0,0.27,0.06
3011.49,2114.02,0.35,-0.02,6.79,15.12,15.14,14.79,14.68,5.5,-0.02,0.35,0.11
3317.78,2117.33,0.38,0.16,4.57,13.11,12.95,12.57,12.45,7.7,0.16,0.38,0.12
2467.19,2117.52,1.54,2.17,7.01,18.72,16.55,15.01,14.14,1.8,2.17,1.54,0.87
3274.67,2120.44,0.93,0.46,7.03,16.42,15.96,15.03,14.58,7.4,0.46,0.93,0.45
2691.34,2130.41,1.2,0.36,7.87,17.43,17.07,15.87,15.25,3.3,0.36,1.2,0.62
2245.96,2137.66,0.76,0.22,6.29,15.27,15.05,14.29,13.91,0.7,0.22,0.76,0.38
2802.25,2139.22,1.36,0.99,4.65,15,14.01,12.65,11.99,4,0.99,1.36,0.66
2851.9,2146.42,0.4,0.21,3.89,12.5,12.29,11.89,11.76,4.4,0.21,0.4,0.13
2222.75,2146.8,0.9,0.55,7.38,16.83,16.28,15.38,14.86,0.7,0.55,0.9,0.52
3675.22,2150.25,0.43,0.24,6.77,15.44,15.2,14.77,14.64,10.2,0.24,0.43,0.13
3157.53,2159.12,0.39,0.18,5.9,14.47,14.29,13.9,13.79,6.5,0.18,0.39,0.11
3365.3,2171.11,0.63,0.06,3.81,12.5,12.44,11.81,11.54,8,0.06,0.63,0.27
3632.53,2171.47,1.72,1.74,6.19,17.65,15.91,14.19,13.32,9.9,1.74,1.72,0.87
2235.48,2194.41,0.55,0.15,5.41,14.11,13.96,13.41,13.15,0.3,0.15,0.55,0.26
3616.97,2197.74,1.27,0.9,7.09,17.26,16.36,15.09,14.48,9.7,0.9,1.27,0.61
3151.51,2199.16,0.43,-0.24,7.78,15.97,16.21,15.78,15.58,6.4,-0.24,0.43,0.2
2141.42,2203.08,0.62,0.16,5.34,14.12,13.96,13.34,13.03,0.8,0.16,0.62,0.31
2903.26,2205.12,0.58,0.26,7.82,16.66,16.4,15.82,15.55,4.7,0.26,0.58,0.27
2210.53,2215.19,0.92,0.6,7.74,17.26,16.66,15.74,15.19,0.3,0.6,0.92,0.55
2941.85,2220.03,0.88,0.36,7.64,16.88,16.52,15.64,15.11,5,0.36,0.88,0.53
2287.11,2220.36,1.29,0.45,7.64,17.38,16.93,15.64,14.95,0.4,0.45,1.29,0.69
3469.72,2226.29,0.92,0.71,7.13,16.76,16.05,15.13,14.65,8.7,0.71,0.92,0.48
3365.58,2229.93,0.03,-0.4,2.14,9.77,10.17,10.14,10.15,8,-0.4,0.03,-0.01
2920.09,2230.87,0.48,0.07,7.71,16.26,16.19,15.71,15.48,4.8,0.07,0.48,0.23
2368.2,2231.75,0.6,0.24,7.21,16.05,15.81,15.21,14.97,0.9,0.24,0.6,0.24
3678.08,2231.86,0.2,-0.02,3.36,11.54,11.56,11.36,11.34,10.2,-0.02,0.2,0.02
2538.05,2233.25,0.3,0.09,3.94,12.33,12.24,11.94,11.85,2.1,0.09,0.3,0.09
2961.31,2259.95,0.82,0.35,7.01,16.18,15.83,15.01,14.57,5.1,0.35,0.82,0.44
2787.73,2260.59,0.99,0.41,6.92,16.32,15.91,14.92,14.47,3.9,0.41,0.99,0.45
2334.28,2267.06,0.71,0.41,6.9,16.02,15.61,14.9,14.57,0.7,0.41,0.71,0.33
3851.87,2268.94,0.45,0.19,4.8,13.44,13.25,12.8,12.63,11.4,0.19,0.45,0.17
2827.27,2270.02,0.4,0.36,7.93,16.69,16.33,15.93,15.72,4.1,0.36,0.4,0.21
3364.38,2282.97,0.17,-0.07,2.88,10.98,11.05,10.88,10.87,7.9,-0.07,0.17,0.01
2210.77,2293.54,0.83,0.2,7.02,16.05,15.85,15.02,14.55,0.4,0.2,0.83,0.47
2697.71,2295.45,0.64,0.1,5.86,14.6,14.5,13.86,13.54,3.2,0.1,0.64,0.32
3741.44,2296.08,0.41,0.41,7.46,16.28,15.87,15.46,16.62,10.6,0.41,0.41,-1.16
3752.73,2298.72,0.45,0.32,6.88,15.65,15.33,14.88,14.67,10.7,0.32,0.45,0.21
2345.36,2309.74,0.77,0.1,6.83,15.7,15.6,14.83,14.45,0.9,0.1,0.77,0.38
3284.23,2309.92,0.69,0.22,7.96,16.87,16.65,15.96,15.59,7.4,0.22,0.69,0.37
3522.1,2334.13,0.71,0.06,6.74,15.51,15.45,14.74,14.42,9.1,0.06,0.71,0.32
3982.25,2344.57,0.43,0.22,7.74,16.39,16.17,15.74,15.56,12.3,0.22,0.43,0.18
2339.86,2346.53,1.22,1.13,7.54,17.89,16.76,15.54,14.84,1,1.13,1.22,0.7
2237.13,2349.54,1.11,1.18,7.03,17.32,16.14,15.03,14.47,0.8,1.18,1.11,0.56
3067.39,2358.88,0.48,0.2,4.51,13.19,12.99,12.51,12.32,5.9,0.2,0.48,0.19
2380.29,2362.8,0.69,0.36,7.56,16.61,16.25,15.56,15.23,1.3,0.36,0.69,0.33
2146.18,2363.28,0.31,0.08,3.4,11.79,11.71,11.4,11.35,1.1,0.08,0.31,0.05
2226.45,2376.12,0.61,0.19,5.65,14.45,14.26,13.65,13.34,1,0.19,0.61,0.31
3513.92,2376.98,0.29,0.12,4.23,12.64,12.52,12.23,12.18,9.1,0.12,0.29,0.05
3294.83,2386.34,0.31,0.14,4.3,12.75,12.61,12.3,12.21,7.5,0.14,0.31,0.09
2458.59,2405.07,1.05,0.39,7.96,17.4,17.01,15.96,15.44,1.9,0.39,1.05,0.52
2338.8,2411.44,0.77,0.36,7.12,16.25,15.89,15.12,14.71,1.4,0.36,0.77,0.41
3507.12,2425.19,0.49,0.24,6.6,15.33,15.09,14.6,14.37,9,0.24,0.49,0.23
2694.42,2431.88,0.26,0.08,3.69,12.03,11.95,11.69,11.64,3.5,0.08,0.26,0.05
2421.88,2437.14,0.67,0.42,7.41,16.5,16.08,15.41,15.04,1.9,0.42,0.67,0.37
2949.45,2441.97,0.97,0.47,6.53,15.97,15.5,14.53,14.05,5.2,0.47,0.97,0.48
3900.65,2442.76,0.47,0.19,6.01,14.67,14.48,14.01,13.84,11.8,0.19,0.47,0.17
3365.86,2447.39,0.56,0.2,7.86,16.62,16.42,15.86,15.47,8.1,0.2,0.56,0.39
2455.37,2451.58,0.59,0.25,7.6,16.44,16.19,15.6,15.27,2.1,0.25,0.59,0.33
2640.57,2452.38,0.73,0.35,7.77,16.85,16.5,15.77,15.37,3.2,0.35,0.73,0.4
3873.6,2460.62,0.54,0.21,7.65,16.4,16.19,15.65,15.36,11.7,0.21,0.54,0.29
3203.35,2465.75,0.11,-0.17,2.45,10.39,10.56,10.45,10.43,7,-0.17,0.11,0.02
2577.72,2471.66,0.15,-0.06,2.94,11.03,11.09,10.94,10.93,2.9,-0.06,0.15,0.01
3850.74,2471.72,0.94,0.43,7.89,17.26,16.83,15.89,15.39,11.5,0.43,0.94,0.5
2621.46,2476.71,0.71,0.13,6.22,15.06,14.93,14.22,13.86,3.2,0.13,0.71,0.36
3560.8,2477.75,0.86,0.22,7.69,16.77,16.55,15.69,15.29,9.5,0.22,0.86,0.4
2919.39,2483.14,0.46,0.18,4.07,12.71,12.53,12.07,11.96,5.1,0.18,0.46,0.11
3012.57,2483.73,0.56,0.33,7.23,16.12,15.79,15.23,14.96,5.7,0.33,0.56,0.27
2197.35,2494.47,0.35,0.18,4.33,12.86,12.68,12.33,12.24,1.8,0.18,0.35,0.09
3919.63,2494.69,0.8,0.14,7.08,16.02,15.88,15.08,14.68,12,0.14,0.8,0.4
2420.74,2494.85,0.05,-0.52,0.22,7.75,8.27,8.22,8.24,2.2,-0.52,0.05,-0.02
3054.31,2512.35,0.51,0.22,4.16,12.89,12.67,12.16,11.97,6.1,0.22,0.51,0.19
3291.87,2520,0.49,0.13,4.78,13.4,13.27,12.78,12.59,7.7,0.13,0.49,0.19
3549.57,2527.94,0.63,0.05,5.39,14.07,14.02,13.39,13.1,9.5,0.05,0.63,0.29
3589.39,2530.18,0.81,0.18,6.49,15.48,15.3,14.49,14.15,9.8,0.18,0.81,0.34
3473.39,2533.88,1.33,0.87,6.44,16.64,15.77,14.44,13.84,9,0.87,1.33,0.6
3224.92,2534.34,0.21,0.01,2.9,11.12,11.11,10.9,10.87,7.3,0.01,0.21,0.03
2216.03,2537.41,0.31,0.12,3.73,12.16,12.04,11.73,11.7,2.1,0.12,0.31,0.03
2282.62,2537.83,0.14,-0.29,2.11,9.96,10.25,10.11,10.06,2.1,-0.29,0.14,0.05
2166.51,2540.33,0.82,0.42,5.25,14.49,14.07,13.25,12.87,2.2,0.42,0.82,0.38
3036.98,2542.01,1.1,0.66,6.42,16.18,15.52,14.42,13.89,6,0.66,1.1,0.53
2322.39,2551.51,0.12,-0.22,2.76,10.66,10.88,10.76,10.71,2.3,-0.22,0.12,0.05
3621.97,2557.18,1.82,2.18,5.35,17.35,15.17,13.35,12.43,10,2.18,1.82,0.92
2497.21,2574.36,0.14,-0.11,2.94,10.97,11.08,10.94,10.95,3,-0.11,0.14,-0.01
2639.71,2580.61,0.8,0.35,6.84,15.99,15.64,14.84,14.4,3.7,0.35,0.8,0.44
3011.66,2583.77,0.68,0.09,6.15,14.92,14.83,14.15,13.83,6,0.09,0.68,0.32
2944.44,2586.24,1.05,-0.02,7.84,16.87,16.89,15.84,15.33,5.5,-0.02,1.05,0.51
3039.56,2593,0.94,0.35,7.94,17.23,16.88,15.94,15.39,6.2,0.35,0.94,0.55
3964.22,2604.63,0.53,0.25,7.56,16.34,16.09,15.56,15.38,12.5,0.25,0.53,0.18
2309.79,2613.54,1.4,1.43,5.81,16.64,15.21,13.81,13.11,2.7,1.43,1.4,0.7
2239.99,2617.53,0.14,-0.13,2.61,10.62,10.75,10.61,10.59,2.7,-0.13,0.14,0.02
2996.09,2619.7,0.72,0.11,7.97,16.8,16.69,15.97,15.62,6,0.11,0.72,0.35
2946.01,2622.52,0.4,0.2,4.32,12.92,12.72,12.32,12.19,5.7,0.2,0.4,0.13
2617.33,2623.88,0.7,0.12,6.04,14.86,14.74,14.04,13.69,3.8,0.12,0.7,0.35
2060.11,2628.08,0.2,-0.15,2.26,10.31,10.46,10.26,10.22,3,-0.15,0.2,0.04
2129.88,2628.87,0.81,0.22,7.73,16.76,16.54,15.73,15.36,2.8,0.22,0.81,0.37
2001.33,2651.29,0.67,0.07,5.83,14.57,14.5,13.83,13.51,3.4,0.07,0.67,0.32
2814.19,2662.4,1.1,0.48,7.82,17.4,16.92,15.82,15.19,5,0.48,1.1,0.63
3203.49,2663.89,0.65,0.18,7.12,15.95,15.77,15.12,14.74,7.4,0.18,0.65,0.38
2969.37,2665.02,0.64,0.04,5.79,14.47,14.43,13.79,13.49,6,0.04,0.64,0.3
2476.61,2671.46,0.99,0.52,7.84,17.35,16.83,15.84,15.29,3.5,0.52,0.99,0.55
2795.45,2675.45,1.12,0.68,7.96,17.76,17.08,15.96,15.37,5,0.68,1.12,0.59
2507.28,2678.1,0.76,0.17,6.91,15.84,15.67,14.91,14.47,3.6,0.17,0.76,0.44
3468.21,2682.33,0.48,0.26,7.73,16.47,16.21,15.73,15.43,9.2,0.26,0.48,0.3
2757.38,2683.47,0.51,0.25,6.57,15.33,15.08,14.57,14.36,4.8,0.25,0.51,0.21
2026.6,2684.13,0.79,0.13,6.71,15.63,15.5,14.71,14.36,3.5,0.13,0.79,0.35
2971.38,2693.16,0.4,0.21,4.52,13.13,12.92,12.52,12.4,6.1,0.21,0.4,0.12
2522.01,2703.85,0.55,0.22,4.97,13.74,13.52,12.97,12.74,3.8,0.22,0.55,0.23
3592.71,2714.95,0.44,0.23,7.49,16.16,15.93,15.49,15.42,10.1,0.23,0.44,0.07
2363.45,2721.42,1.44,1.43,7.03,17.9,16.47,15.03,14.32,3.5,1.43,1.44,0.71
2299.21,2728.88,0.74,0.45,7.82,17.01,16.56,15.82,15.41,3.5,0.45,0.74,0.41
2140.64,2730.57,0.37,0.19,4.33,12.89,12.7,12.33,12.2,3.5,0.19,0.37,0.13
2322.36,2731.48,0.45,0.12,7.32,15.89,15.77,15.32,15.14,3.5,0.12,0.45,0.18
3491.44,2733.56,0.45,0.13,4.93,13.51,13.38,12.93,12.77,9.5,0.13,0.45,0.16
2012.37,2734.83,0.37,0.2,4.4,12.97,12.77,12.4,12.3,3.8,0.2,0.37,0.1
2064.49,2740.18,0.62,0.27,6.41,15.3,15.03,14.41,14.1,3.7,0.27,0.62,0.31
2908.45,2743.39,0.85,0.24,6.76,15.85,15.61,14.76,14.35,5.9,0.24,0.85,0.41
3436.22,2746.39,0.6,0.26,7.38,16.24,15.98,15.38,15.13,9.2,0.26,0.6,0.25
2559.85,2759.4,0.81,0.21,7.23,16.25,16.04,15.23,14.78,4.3,0.21,0.81,0.45
2439.56,2774.8,0.57,0.23,5.63,14.43,14.2,13.63,13.37,4,0.23,0.57,0.26
3415.88,2776.44,0.2,0.13,4.09,12.42,12.29,12.09,11.98,9.1,0.13,0.2,0.11
3857.58,2778.04,0.38,0.19,6.36,14.93,14.74,14.36,14.19,12,0.19,0.38,0.17
2854.35,2793.34,0.2,-0.05,3.1,11.25,11.3,11.1,11.04,5.8,-0.05,0.2,0.06
2381.93,2800.86,0.21,-0.05,2.5,10.66,10.71,10.5,10.47,4.1,-0.05,0.21,0.03
2732.98,2801.72,0.56,0.07,3.9,12.53,12.46,11.9,11.69,5.3,0.07,0.56,0.21
2180.9,2807.8,0.66,0.11,5.33,14.1,13.99,13.33,13.02,4,0.11,0.66,0.31
2069.16,2810.83,0.66,0.42,7.38,16.46,16.04,15.38,15.06,4.2,0.42,0.66,0.32
3929.91,2820.28,0.51,0.33,7.92,16.76,16.43,15.92,15.7,12.6,0.33,0.51,0.22
3507.05,2826.38,1.14,0.73,5.57,15.44,14.71,13.57,13.04,9.9,0.73,1.14,0.53
3400.03,2842.56,0.27,0.12,4.11,12.5,12.38,12.11,12.05,9.2,0.12,0.27,0.06
2954.58,2844.89,0.2,-0.2,1.94,9.94,10.14,9.94,9.88,6.6,-0.2,0.2,0.06
2441.92,2856,0.2,0.01,3.25,11.46,11.45,11.25,11.23,4.6,0.01,0.2,0.02
2041.11,2868.59,0.6,0.25,6.22,15.07,14.82,14.22,13.96,4.7,0.25,0.6,0.26
2295.28,2869.6,0.2,0.06,3.7,11.96,11.9,11.7,11.65,4.5,0.06,0.2,0.05
3473.85,2870.1,0.54,0.25,6.21,15,14.75,14.21,14,9.8,0.25,0.54,0.21
2858.87,2880.77,0.54,0.15,5.16,13.85,13.7,13.16,12.92,6.3,0.15,0.54,0.24
3902.72,2888,0.82,0.39,7.43,16.64,16.25,15.43,15,12.6,0.39,0.82,0.43
2642.02,2892.34,0.89,0.35,6.49,15.73,15.38,14.49,14.02,5.4,0.35,0.89,0.47
3303.69,2892.63,0.41,0.15,4.51,13.07,12.92,12.51,12.38,8.8,0.15,0.41,0.13
3426.45,2907.65,0.63,0.07,5.87,14.57,14.5,13.87,13.57,9.6,0.07,0.63,0.3
3103.48,2933.2,1.07,0.42,7.18,16.67,16.25,15.18,14.63,7.8,0.42,1.07,0.55
2544.41,2939.21,0.87,0.3,7.39,16.56,16.26,15.39,14.95,5.4,0.3,0.87,0.44
2479.98,2940.8,0.71,0.23,7.91,16.85,16.62,15.91,15.54,5.2,0.23,0.71,0.37
3526.21,2953.09,0.58,0.25,6.62,15.45,15.2,14.62,14.37,10.4,0.25,0.58,0.25
3343.43,2953.17,0.94,-0.06,7.97,16.85,16.91,15.97,15.5,9.3,-0.06,0.94,0.47
2717.54,2964.23,0.95,0.38,7.84,17.17,16.79,15.84,15.34,6.1,0.38,0.95,0.5
3172.35,2969.57,0.68,0.13,6.38,15.19,15.06,14.38,14.05,8.4,0.13,0.68,0.33
3650.6,2980.01,0.43,0.16,7.19,15.78,15.62,15.19,15.1,11.3,0.16,0.43,0.09
3919.69,3003.39,0.88,0.26,7.65,16.79,16.53,15.65,15.25,13,0.26,0.88,0.4
2162.71,3004.71,0.43,-0.17,5.84,14.1,14.27,13.84,13.67,5.4,-0.17,0.43,0.17
2835.85,3007.71,0.14,-0.22,2.26,10.18,10.4,10.26,10.23,6.9,-0.22,0.14,0.03
3743.23,3036.75,0.82,0.31,7.09,16.22,15.91,15.09,14.71,12,0.31,0.82,0.38
3322.07,3040.72,0.73,0.1,7.18,16.01,15.91,15.18,14.81,9.5,0.1,0.73,0.37
2660.63,3052.46,0.38,0.21,4.57,13.16,12.95,12.57,12.42,6.5,0.21,0.38,0.15
3688.71,3056.95,0.75,0.33,7.91,16.99,16.66,15.91,15.51,11.8,0.33,0.75,0.4
2140.24,3059.51,0.56,0.14,5.5,14.2,14.06,13.5,13.23,5.8,0.14,0.56,0.27
3919.83,3070.05,0.69,0.06,6.23,14.98,14.92,14.23,13.9,13.2,0.06,0.69,0.33
2833.01,3087.04,0.7,0.13,5.99,14.82,14.69,13.99,13.65,7.3,0.13,0.7,0.34
3058.05,3087.18,0.36,-0.1,6.07,14.33,14.43,14.07,13.92,8.3,-0.1,0.36,0.15
3457.1,3097.09,0.83,0.34,6.69,15.86,15.52,14.69,14.26,10.5,0.34,0.83,0.43
2521.12,3100.19,0.58,0.35,7.63,16.56,16.21,15.63,15.39,6.4,0.35,0.58,0.24
2391.57,3107.65,0.6,0.17,7.95,16.72,16.55,15.95,15.63,6.2,0.17,0.6,0.32
3371.69,3108.61,0.57,0.07,5.54,14.18,14.11,13.54,13.28,10.1,0.07,0.57,0.26
3115.19,3118.81,0.68,0.59,7.94,17.21,16.62,15.94,15.57,8.8,0.59,0.68,0.37
3223.63,3120.56,0.73,0.27,6.8,15.8,15.53,14.8,14.43,9.3,0.27,0.73,0.37
3928.54,3120.64,0.53,0.05,5.38,13.96,13.91,13.38,13.16,13.5,0.05,0.53,0.22
2622.58,3123.28,0.12,-0.23,1.36,9.25,9.48,9.36,9.34,6.8,-0.23,0.12,0.02
2327.4,3139.81,0.5,0.3,6.81,15.61,15.31,14.81,14.63,6.4,0.3,0.5,0.18
2591.72,3169.16,0.7,0.37,7.11,16.18,15.81,15.11,14.73,7,0.37,0.7,0.38
3151.64,3173.79,0.66,0.09,6.12,14.87,14.78,14.12,13.8,9.2,0.09,0.66,0.32
3265.35,3182.02,0.78,0.2,7.16,16.14,15.94,15.16,14.77,9.8,0.2,0.78,0.39
2235.76,3188.63,0.59,0.21,7.98,16.78,16.57,15.98,15.78,6.7,0.21,0.59,0.2
3510.68,3193.22,1.46,2.1,7.96,19.52,17.42,15.96,15.23,11.2,2.1,1.46,0.73
2911.17,3195.44,0.49,0.22,6.36,15.07,14.85,14.36,14.14,8.2,0.22,0.49,0.22
2858.4,3196,0.9,0.44,7.58,16.92,16.48,15.58,15.14,8,0.44,0.9,0.44
2106.56,3215.86,0.9,0.35,7.84,17.09,16.74,15.84,15.28,7,0.35,0.9,0.56
2344.55,3224.42,0.79,0.12,7.46,16.37,16.25,15.46,15.04,7,0.12,0.79,0.42
3750.53,3228.59,0.32,0.32,7.87,16.51,16.19,15.87,15.74,12.8,0.32,0.32,0.13
2174.96,3244.8,0.59,0.11,5.6,14.3,14.19,13.6,13.33,7.1,0.11,0.59,0.27
2539.75,3252.51,0.54,0.25,6,14.79,14.54,14,13.75,7.5,0.25,0.54,0.25
3167.01,3254.74,0.15,-0.15,1.79,9.79,9.94,9.79,9.83,9.7,-0.15,0.15,-0.04
2371.97,3257.42,1.6,1.22,7.06,17.88,16.66,15.06,14.21,7.2,1.22,1.6,0.85
3691.33,3260.21,0.88,0.47,7.74,17.09,16.62,15.74,15.24,12.5,0.47,0.88,0.5
3887.08,3262.11,0.44,0.23,7.57,16.24,16.01,15.57,15.36,13.7,0.23,0.44,0.21
2457.48,3262.62,0.94,0.76,6.55,16.25,15.49,14.55,14.11,7.4,0.76,0.94,0.44
3859.3,3272.23,0.84,0.18,7.21,16.23,16.05,15.21,14.8,13.6,0.18,0.84,0.41
2958.15,3284.05,0.52,0.1,5.3,13.92,13.82,13.3,13.08,8.9,0.1,0.52,0.22
2425.6,3286.86,0.77,0.22,6.48,15.47,15.25,14.48,14.08,7.5,0.22,0.77,0.4
3523.93,3288.69,0.18,0.01,3.2,11.39,11.38,11.2,11.22,11.7,0.01,0.18,-0.02
3523.93,3288.69,0.18,0.01,3.2,11.39,11.38,11.2,11.22,11.7,0.01,0.18,-0.02
3111.27,3296.33,0.99,0.62,7.65,17.26,16.64,15.65,15.13,9.7,0.62,0.99,0.52
3570.17,3299.08,0.74,0.19,6.82,15.75,15.56,14.82,14.42,12,0.19,0.74,0.4
3188.71,3299.8,0.87,0.45,7.83,17.15,16.7,15.83,15.37,10,0.45,0.87,0.46
2508.69,3306.1,0.93,0.85,6.3,16.08,15.23,14.3,13.85,7.8,0.85,0.93,0.45
2137.72,3317.66,0.53,0.28,7.8,16.61,16.33,15.8,15.59,7.6,0.28,0.53,0.21
2949.78,3337.67,1.6,1.58,5.7,16.88,15.3,13.7,12.87,9.2,1.58,1.6,0.83
3780.48,3339.85,0.64,0.08,5.96,14.68,14.6,13.96,13.68,13.4,0.08,0.64,0.28
3393.13,3339.98,0.69,0.16,6.52,15.37,15.21,14.52,14.18,11.3,0.16,0.69,0.34
3086.42,3343.51,0.55,0.23,5.42,14.2,13.97,13.42,13.2,9.8,0.23,0.55,0.22
3456.52,3345.85,0.89,0.49,6.15,15.53,15.04,14.15,13.78,11.6,0.49,0.89,0.37
2354.34,3355.38,0.59,0.32,5.99,14.9,14.58,13.99,13.71,7.9,0.32,0.59,0.28
3967.94,3359,1.12,1.16,7.31,17.59,16.43,15.31,14.69,14.6,1.16,1.12,0.62
3564.63,3363.61,0.77,0.2,6.27,15.24,15.04,14.27,13.88,12.3,0.2,0.77,0.39
3088.43,3371.35,1,0.71,6.19,15.9,15.19,14.19,13.68,10,0.71,1,0.51
2791.14,3373.16,0.59,0.33,7.55,16.47,16.14,15.55,15.23,8.9,0.33,0.59,0.32
2753.72,3377.87,1.38,0.75,7.43,17.56,16.81,15.43,14.73,8.8,0.75,1.38,0.7
3156.97,3378.79,0.35,0.1,6.67,15.12,15.02,14.67,14.53,10.3,0.1,0.35,0.14
3585.34,3383.1,0.54,0.02,4.54,13.1,13.08,12.54,12.31,12.5,0.02,0.54,0.23
2066.83,3385.04,0.73,0.15,6.56,15.44,15.29,14.56,14.22,8.2,0.15,0.73,0.34
3818.31,3398.59,0.4,0.2,5.67,14.27,14.07,13.67,13.53,13.8,0.2,0.4,0.14
3541.22,3401.93,0.21,0.05,3.51,11.77,11.72,11.51,11.5,12.3,0.05,0.21,0.01
3442.56,3410.08,0.67,0.2,5.3,14.17,13.97,13.3,12.98,11.9,0.2,0.67,0.32
3053.08,3439.21,0.74,0.11,6.32,15.17,15.06,14.32,13.96,10.2,0.11,0.74,0.36
2429.28,3446.79,0.31,0.17,4.23,12.71,12.54,12.23,12.16,8.6,0.17,0.31,0.07
2744.18,3446.94,0.2,0.01,3.58,11.79,11.78,11.58,11.55,9.2,0.01,0.2,0.03
3169.95,3472.41,0.83,0.23,6.12,15.18,14.95,14.12,13.7,10.9,0.23,0.83,0.42
3550.18,3478.97,0.85,0.2,7.64,16.69,16.49,15.64,15.19,12.7,0.2,0.85,0.45
3013.72,3479.09,0.84,0.35,7.83,17.02,16.67,15.83,15.36,10.3,0.35,0.84,0.47
3628.03,3482.4,0.76,0.16,6.67,15.59,15.43,14.67,14.3,13.2,0.16,0.76,0.37
2443.86,3483.67,0.63,0.1,5.74,14.47,14.37,13.74,13.45,8.9,0.1,0.63,0.29
3101.42,3485.03,0.64,0.13,5.88,14.65,14.52,13.88,13.59,10.7,0.13,0.64,0.29
2501.26,3485.97,0.89,0.25,7.99,17.13,16.88,15.99,15.51,9,0.25,0.89,0.48
2528.34,3486.59,0.65,0.28,7.05,15.98,15.7,15.05,14.74,9,0.28,0.65,0.31
2561.12,3487.93,0.66,0.32,7.5,16.48,16.16,15.5,15.16,9.1,0.32,0.66,0.34
2299.95,3505.72,0.9,0.58,6.35,15.83,15.25,14.35,13.89,9,0.58,0.9,0.46
3638.07,3508.33,0.45,0.34,7.63,16.42,16.08,15.63,15.42,13.3,0.34,0.45,0.21
3734.51,3529,1.59,1.66,4.72,15.97,14.31,12.72,11.94,13.9,1.66,1.59,0.78
2880.76,3536.94,1.33,1.08,6.98,17.39,16.31,14.98,14.3,10.2,1.08,1.33,0.68
3296.72,3539.03,0.76,0.15,6.47,15.38,15.23,14.47,14.09,11.8,0.15,0.76,0.38
2775.01,3553.19,0.6,0.1,5.59,14.29,14.19,13.59,13.31,10,0.1,0.6,0.28
3854.04,3562.96,0.42,0.16,6.82,15.4,15.24,14.82,14.67,14.8,0.16,0.42,0.15
3675.52,3563.78,0.21,-0.02,3.08,11.27,11.29,11.08,11.09,13.8,-0.02,0.21,-0.01
3212.76,3564.84,0.26,0.09,3.79,12.14,12.05,11.79,11.73,11.6,0.09,0.26,0.06
3444.22,3568.08,0.6,0.24,7.9,16.74,16.5,15.9,15.74,12.7,0.24,0.6,0.16
2356.76,3569,0.6,0.29,7.53,16.42,16.13,15.53,15.28,9.4,0.29,0.6,0.25
3781.33,3569.79,1.28,0.63,7.84,17.75,17.12,15.84,15.23,14.4,0.63,1.28,0.61
2676.37,3582.05,0.78,0.29,7.83,16.9,16.61,15.83,15.39,10,0.29,0.78,0.44
2877.42,3585.65,0.63,0.26,6.18,15.07,14.81,14.18,13.85,10.5,0.26,0.63,0.33
2018.83,3593.06,0.11,-0.12,2.91,10.9,11.02,10.91,10.91,9.7,-0.12,0.11,0
3478.04,3601.74,0.46,0.23,4.92,13.61,13.38,12.92,12.76,13,0.23,0.46,0.16
3850.07,3603.11,0.54,0.22,6.08,14.84,14.62,14.08,13.87,14.9,0.22,0.54,0.21
3232.44,3605.11,0.59,0.2,5.26,14.05,13.85,13.26,12.99,11.9,0.2,0.59,0.27
2577.21,3608.89,0.89,0.19,7.93,17.01,16.82,15.93,15.46,10,0.19,0.89,0.47
3362.53,3609.81,0.87,0.23,7.24,16.34,16.11,15.24,14.79,12.5,0.23,0.87,0.45
3512.76,3617.3,0.8,0.27,7.74,16.81,16.54,15.74,15.35,13.3,0.27,0.8,0.39
2862.54,3630.93,1.08,0.38,7.79,17.25,16.87,15.79,15.3,10.8,0.38,1.08,0.49
3248.37,3644.96,0.53,0.42,7.58,16.53,16.11,15.58,15.35,12.2,0.42,0.53,0.23
2390.12,3652.17,0.75,0.47,7.59,16.81,16.34,15.59,15.21,10,0.47,0.75,0.38
3409.84,3656.7,0.72,0.16,5.96,14.84,14.68,13.96,13.63,13,0.16,0.72,0.33
3217.78,3662.02,0.89,0.25,7.11,16.25,16,15.11,14.63,12.2,0.25,0.89,0.48
3876.05,3665.94,0.7,0.17,7.41,16.28,16.11,15.41,15.02,15.3,0.17,0.7,0.39
2002.08,3681.31,0.76,0.14,5.95,14.85,14.71,13.95,13.6,10.3,0.14,0.76,0.35
2219.1,3686.19,0.83,0.18,7.22,16.23,16.05,15.22,14.8,10.2,0.18,0.83,0.42
2350.85,3686.48,0.62,0.2,6.35,15.17,14.97,14.35,14.05,10.3,0.2,0.62,0.3
2608.66,3686.61,1.41,1.41,0.53,11.35,9.94,8.53,7.93,10.5,1.41,1.41,0.6
2152.08,3691.2,0.68,0.09,6.3,15.07,14.98,14.3,13.97,10.3,0.09,0.68,0.33
3643.15,3705.17,0.97,0.24,7.82,17.03,16.79,15.82,15.4,14.3,0.24,0.97,0.42
2865.87,3706.02,1.07,0.7,7.59,17.36,16.66,15.59,15.04,11.3,0.7,1.07,0.55
2322.32,3721.05,0.36,0.18,4.2,12.74,12.56,12.2,12.12,10.5,0.18,0.36,0.08
2064.02,3724.87,1.28,0.8,6.53,16.61,15.81,14.53,13.9,10.6,0.8,1.28,0.63
2370.51,3730.21,1.25,1.17,7.73,18.15,16.98,15.73,15.1,10.6,1.17,1.25,0.63
2561.17,3737.09,0.61,0.67,7.97,17.25,16.58,15.97,15.68,10.8,0.67,0.61,0.29
3957.7,3763.39,0.36,0.24,7.13,15.73,15.49,15.13,15.05,16.2,0.24,0.36,0.08
3790.44,3770.28,0.66,0.29,6.7,15.65,15.36,14.7,14.38,15.4,0.29,0.66,0.32
3191.07,3776.87,0.95,0.3,6.91,16.16,15.86,14.91,14.42,12.8,0.3,0.95,0.49
3115.03,3780.74,1.4,0.96,6.44,16.8,15.84,14.44,13.73,12.5,0.96,1.4,0.71
2954.89,3781.02,0.98,0.27,7.91,17.16,16.89,15.91,15.45,12,0.27,0.98,0.46
3599.6,3862.89,0.64,0.37,6.77,15.78,15.41,14.77,14.47,15,0.37,0.64,0.3
3849.53,3866.38,1,0.6,7.79,17.39,16.79,15.79,15.2,16.2,0.6,1,0.59
2616.85,3881.12,1.49,1.03,6.52,17.04,16.01,14.52,13.75,11.9,1.03,1.49,0.77
2742.92,3923.09,1.02,0.4,7.55,16.97,16.57,15.55,15.08,12.4,0.4,1.02,0.47
3023.17,3928.53,1.1,0.78,7.89,17.77,16.99,15.89,15.32,13.2,0.78,1.1,0.57
2120.51,3954.39,0.73,0.12,6.24,15.09,14.97,14.24,13.91,12.2,0.12,0.73,0.33
2774.38,3955.54,0.7,0.24,5.64,14.58,14.34,13.64,13.32,12.7,0.24,0.7,0.32
2615.83,3969.18,0.54,0.25,6.44,15.23,14.98,14.44,14.22,12.5,0.25,0.54,0.22
3921.2,3971.16,0.73,0.1,5.72,14.55,14.45,13.72,13.38,17.1,0.1,0.73,0.34